,D,Dmin,Dmax,N_dpts,N_npts,Nmin,Nmax,T,T_fridge,T_probe,Bmin,Bmax,N_bpts
0,-0.00011764705882352942,-0.00011764705882352942,-0.00011764705882352942,(),(),0.0013003174964705882,0.0013003174964705882,541.0,,,,,
1,-0.0009411764705882353,-0.0009411764705882353,-0.0009411764705882353,(),(),0.010402539971764706,0.010402539971764706,56.5519587628866,,,,,
2,0.00047058823529411766,0.00047058823529411766,0.00047058823529411766,(),(),-0.005201269985882353,-0.005201269985882353,55.8598712446352,,,,,
3,-0.001411764705882353,-0.001411764705882353,-0.001411764705882353,(),(),0.01560380995764706,0.01560380995764706,54.26381443298968,,,,,
4,-0.001411764705882353,-0.001411764705882353,-0.001411764705882353,(),(),0.01560380995764706,0.01560380995764706,53.28199395770394,,,,,
5,0.001411764705882353,0.001411764705882353,0.001411764705882353,(),(),-0.01560380995764706,-0.01560380995764706,51.55597402597403,,,,,
6,-0.23168250299085516,-0.23168250299085516,-0.23168250299085516,(),(),-13.63162006920401,-13.63162006920401,50.78780219780221,,,,,
9,-0.22309391284952448,-0.22309391284952448,-0.22309391284952448,(),(),-12.774056758262319,-12.774056758262319,49.25865377855887,,,-1.0,-1.0,()
10,-0.22309391284952448,-0.22309391284952448,-0.22309391284952448,(),(),-12.774056758262319,-12.774056758262319,49.154061478090256,,,-1.0,-1.0,()
11,-0.22309391284952448,-0.22309391284952448,-0.22309391284952448,(),(),-12.774056758262319,-12.774056758262319,48.870860759493674,,,-1.0,-1.0,()
12,-0.22309391284952448,-0.22309391284952448,-0.22309391284952448,(),(),-12.774056758262319,-12.774056758262319,48.900000000000006,,,1.0,1.0,()
13,-0.22309391284952448,-0.22309391284952448,-0.22309391284952448,(),(),-12.774056758262319,-12.774056758262319,48.97777941973301,,,-1.0,-1.0,()
14,-0.22309391284952448,-0.22309391284952448,-0.22309391284952448,(),(),-12.774056758262319,-12.774056758262319,48.86954010435626,,,-40.0,-40.0,()
15,-0.22309391284952448,-0.22309391284952448,-0.22309391284952448,(),(),-12.774056758262319,-12.774056758262319,48.66974887467425,,,-40.0,-40.0,()
16,-0.22309391284952448,-0.22309391284952448,-0.22309391284952448,(),(),-12.774056758262319,-12.774056758262319,48.669999999999995,,,-1.0,-1.0,()
17,-0.22309391284952448,-0.22309391284952448,-0.22309391284952448,(),(),-12.774056758262319,-12.774056758262319,48.669999999999995,,,-40.0,-40.0,()
18,-0.22309391284952448,-0.22309391284952448,-0.22309391284952448,(),(),-12.774056758262319,-12.774056758262319,48.669999999999995,,,-1.0,-1.0,()
19,-0.22309391284952448,-0.22309391284952448,-0.22309391284952448,(),(),-12.774056758262319,-12.774056758262319,48.669999999999995,,,-1.0,-1.0,()
20,-0.22309391284952448,-0.22309391284952448,-0.22309391284952448,(),(),-12.774056758262319,-12.774056758262319,48.669999999999995,,,-1.0,-1.0,()
21,-0.19206379139039279,-0.19206379139039279,-0.19206379139039279,(),(),-11.212042521588353,-11.212042521588353,48.669999999999995,,,0.0,0.0,()
22,-0.19206379139039279,-0.19206379139039279,-0.19206379139039279,(),(),-11.212042521588353,-11.212042521588353,48.669999999999995,,,0.0,0.0,()
23,-0.22177038343775982,-0.22177038343775982,-0.22177038343775982,(),(),-12.788685330097614,-12.788685330097614,48.65362587349937,,,0.2,0.2,()
24,-0.19206379139039279,-0.19206379139039279,-0.19206379139039279,(),(),-11.212042521588353,-11.212042521588353,0.0,,,0.0,0.0,()
25,-0.17838696595494458,-0.17838696595494458,-0.17838696595494458,(),(),-10.410717942369017,-10.410717942369017,0.0,,,0.69,0.69,()
26,-0.0058823529411764705,-0.0058823529411764705,-0.0058823529411764705,(),(),0.06501587482352941,0.06501587482352941,0.0,,,,,
27,-0.06956059776547643,-0.06956059776547643,-0.06956059776547643,(),(),-3.9936197211319753,-3.9936197211319753,0.0,,,,,
28,-0.06956059776547643,-0.06956059776547643,-0.06956059776547643,(),(),-3.9936197211319753,-3.9936197211319753,0.0,,,,,
29,-0.06956059776547643,-0.06956059776547643,-0.06956059776547643,(),(),-3.9936197211319753,-3.9936197211319753,0.0,,,,,
30,-0.06956059776547643,-0.06956059776547643,-0.06956059776547643,(),(),-3.9936197211319753,-3.9936197211319753,0.0,,,,,
31,-0.06956059776547643,-0.06956059776547643,-0.06956059776547643,(),(),-3.9936197211319753,-3.9936197211319753,0.0,,,,,
32,-0.06956059776547643,-0.06956059776547643,-0.06956059776547643,(),(),-3.9936197211319753,-3.9936197211319753,0.0,,,,,
33,-0.06956059776547643,-0.06956059776547643,-0.06956059776547643,(),(),-3.9936197211319753,-3.9936197211319753,0.0,,,,,
34,-0.17838696595494458,-0.17838696595494458,-0.17838696595494458,(),(),-10.410717942369017,-10.410717942369017,0.0,,,0.69,0.69,()
35,-0.06956059776547643,-0.06956059776547643,-0.06956059776547643,(),(),-3.9936197211319753,-3.9936197211319753,0.0,,,,,
36,-0.06956059776547643,-0.06956059776547643,-0.06956059776547643,(),(),-3.9936197211319753,-3.9936197211319753,0.0,,,,,
37,-0.16726903501835066,-0.16726903501835066,-0.16726903501835066,(),(),-9.771608755238255,-9.771608755238255,0.0,,,0.025,0.025,()
38,-0.000588235294117647,-0.000588235294117647,-0.000588235294117647,(),(),0.006501587482352941,0.006501587482352941,0.0,,,0.005,0.005,()
39,-0.000588235294117647,-0.000588235294117647,-0.000588235294117647,(),(),0.006501587482352941,0.006501587482352941,0.0,,,0.005,0.005,()
40,-0.17294564754547123,-0.17294564754547123,-0.17294564754547123,(),(),-10.089863031307166,-10.089863031307166,0.0,,,0.2,0.2,()
41,-0.17294564754547123,-0.17294564754547123,-0.17294564754547123,(),(),-10.089863031307166,-10.089863031307166,0.0,,,0.2,0.2,()
42,0.3468531870348967,0.24455816452744492,0.4483094267696738,"(4000,)","(4000,)",-3.485812569682396,-2.3625123903903322,0.0,,,,,
43,0.3468531870348967,0.24455816452744492,0.4483094267696738,"(4000,)","(4000,)",-3.485812569682396,-2.3625123903903322,0.0,,,,,
44,-0.055883772330028184,-0.055883772330028184,-0.055883772330028184,(),(),-3.192295141912639,-3.192295141912639,0.0,,,0.005,0.005,()
45,-0.06956059776547643,-0.06956059776547643,-0.06956059776547643,(),(),-3.9936197211319753,-3.9936197211319753,39.144019607843134,,,,,
46,-0.06956059776547643,-0.06956059776547643,-0.06956059776547643,(),(),-3.9936197211319753,-3.9936197211319753,36.95600000000001,,,,,
47,-0.06956059776547643,-0.06956059776547643,-0.06956059776547643,(),(),-3.9936197211319753,-3.9936197211319753,53.91023904382471,,,,,
48,-0.06956059776547643,-0.06956059776547643,-0.06956059776547643,(),(),-3.9936197211319753,-3.9936197211319753,51.65932270916335,,,,,
49,-0.06956059776547643,-0.06956059776547643,-0.06956059776547643,(),(),-3.9936197211319753,-3.9936197211319753,48.10717131474104,,,,,
50,-0.06956059776547643,-0.06956059776547643,-0.06956059776547643,(),(),-3.9936197211319753,-3.9936197211319753,47.01486055776892,,,,,
51,-0.06956059776547643,-0.06956059776547643,-0.06956059776547643,(),(),-3.9936197211319753,-3.9936197211319753,38.77780876494024,,,,,
52,-0.06956059776547643,-0.06956059776547643,-0.06956059776547643,(),(),-3.9936197211319753,-3.9936197211319753,53.83605577689243,,,,,
53,-0.06956059776547643,-0.06956059776547643,-0.06956059776547643,(),(),-3.9936197211319753,-3.9936197211319753,62.76095617529881,,,,,
54,-0.06956059776547643,-0.06956059776547643,-0.06956059776547643,(),(),-3.9936197211319753,-3.9936197211319753,44.821513944223106,,,,,
55,-0.06956059776547643,-0.06956059776547643,-0.06956059776547643,(),(),-3.9936197211319753,-3.9936197211319753,55.336892430278894,,,,,
56,-0.06956059776547643,-0.06956059776547643,-0.06956059776547643,(),(),-3.9936197211319753,-3.9936197211319753,51.725179282868524,,,,,
57,-0.06956059776547643,-0.06956059776547643,-0.06956059776547643,(),(),-3.9936197211319753,-3.9936197211319753,47.049461538461536,,,,,
58,-0.06956059776547643,-0.06956059776547643,-0.06956059776547643,(),(),-3.9936197211319753,-3.9936197211319753,44.78988047808765,,,,,
59,-0.06956059776547643,-0.06956059776547643,-0.06956059776547643,(),(),-3.9936197211319753,-3.9936197211319753,43.82956175298805,,,,,
60,-0.06956059776547643,-0.06956059776547643,-0.06956059776547643,(),(),-3.9936197211319753,-3.9936197211319753,42.61175298804781,,,,,
61,-0.06956059776547643,-0.06956059776547643,-0.06956059776547643,(),(),-3.9936197211319753,-3.9936197211319753,44.88067729083665,,,,,
62,-0.06956059776547643,-0.06956059776547643,-0.06956059776547643,(),(),-3.9936197211319753,-3.9936197211319753,54.258047808764935,,,,,
63,-0.06956059776547643,-0.06956059776547643,-0.06956059776547643,(),(),-3.9936197211319753,-3.9936197211319753,60.521314741035866,,,,,
64,-0.06956059776547643,-0.06956059776547643,-0.06956059776547643,(),(),-3.9936197211319753,-3.9936197211319753,59.04824701195219,,,,,
65,-0.06956059776547643,-0.06956059776547643,-0.06956059776547643,(),(),-3.9936197211319753,-3.9936197211319753,58.83211155378485,,,,,
66,-0.06956059776547643,-0.06956059776547643,-0.06956059776547643,(),(),-3.9936197211319753,-3.9936197211319753,58.82410358565737,,,,,
67,-0.06956059776547643,-0.06956059776547643,-0.06956059776547643,(),(),-3.9936197211319753,-3.9936197211319753,58.77884462151394,,,,,
68,-0.06956059776547643,-0.06956059776547643,-0.06956059776547643,(),(),-3.9936197211319753,-3.9936197211319753,58.831952191235054,,,,,
69,-0.06956059776547643,-0.06956059776547643,-0.06956059776547643,(),(),-3.9936197211319753,-3.9936197211319753,58.90541832669322,,,,,
70,-0.06956059776547643,-0.06956059776547643,-0.06956059776547643,(),(),-3.9936197211319753,-3.9936197211319753,58.77063745019921,,,,,
71,-0.06956059776547643,-0.06956059776547643,-0.06956059776547643,(),(),-3.9936197211319753,-3.9936197211319753,58.82621513944222,,,,,
72,-0.06956059776547643,-0.06956059776547643,-0.06956059776547643,(),(),-3.9936197211319753,-3.9936197211319753,58.794741035856575,,,,,
73,-0.06956059776547643,-0.06956059776547643,-0.06956059776547643,(),(),-3.9936197211319753,-3.9936197211319753,58.755219123505974,,,,,
74,-0.06956059776547643,-0.06956059776547643,-0.06956059776547643,(),(),-3.9936197211319753,-3.9936197211319753,58.7932669322709,,,,,
75,-0.06956059776547643,-0.06956059776547643,-0.06956059776547643,(),(),-3.9936197211319753,-3.9936197211319753,58.753266932270925,,,,,
76,-0.06956059776547643,-0.06956059776547643,-0.06956059776547643,(),(),-3.9936197211319753,-3.9936197211319753,58.76043824701195,,,,,
77,-0.06956059776547643,-0.06956059776547643,-0.06956059776547643,(),(),-3.9936197211319753,-3.9936197211319753,58.63203187250997,,,,,
78,-0.06956059776547643,-0.06956059776547643,-0.06956059776547643,(),(),-3.9936197211319753,-3.9936197211319753,0.0,,,,,
79,-0.06956059776547643,-0.06956059776547643,-0.06956059776547643,(),(),-3.9936197211319753,-3.9936197211319753,0.0,,,,,
80,-0.06956059776547643,-0.06956059776547643,-0.06956059776547643,(),(),-3.9936197211319753,-3.9936197211319753,0.0,,,,,
81,-0.06956059776547643,-0.06956059776547643,-0.06956059776547643,(),(),-3.9936197211319753,-3.9936197211319753,0.0,,,,,
82,-0.06956059776547643,-0.06956059776547643,-0.06956059776547643,(),(),-3.9936197211319753,-3.9936197211319753,0.0,,,,,
83,-0.06956059776547643,-0.06956059776547643,-0.06956059776547643,(),(),-3.9936197211319753,-3.9936197211319753,0.0,,,,,
84,-0.06956059776547643,-0.06956059776547643,-0.06956059776547643,(),(),-3.9936197211319753,-3.9936197211319753,0.0,,,,,
85,-0.06956059776547643,-0.06956059776547643,-0.06956059776547643,(),(),-3.9936197211319753,-3.9936197211319753,0.0,,,,,
86,-0.06956059776547643,-0.06956059776547643,-0.06956059776547643,(),(),-3.9936197211319753,-3.9936197211319753,0.0,,,,,
87,-0.06956059776547643,-0.06956059776547643,-0.06956059776547643,(),(),-3.9936197211319753,-3.9936197211319753,0.0,,,,,
88,-0.06956059776547643,-0.06956059776547643,-0.06956059776547643,(),(),-3.9936197211319753,-3.9936197211319753,0.0,,,,,
89,-0.06956059776547643,-0.06956059776547643,-0.06956059776547643,(),(),-3.9936197211319753,-3.9936197211319753,0.0,,,,,
90,-0.055883772330028184,-0.055883772330028184,-0.055883772330028184,(),(),-3.192295141912639,-3.192295141912639,0.0,,,0.005,0.005,()
91,-0.0002941176470588235,-0.0002941176470588235,-0.0002941176470588235,(),(),0.0032507937411764705,0.0032507937411764705,0.0,,,0.0025,0.0025,()
92,-0.06956059776547643,-0.06956059776547643,-0.06956059776547643,(),(),-3.9936197211319753,-3.9936197211319753,0.0,,,,,
93,-0.06956059776547643,-0.06956059776547643,-0.06956059776547643,(),(),-3.9936197211319753,-3.9936197211319753,0.0,,,,,
94,-0.06956059776547643,-0.06956059776547643,-0.06956059776547643,(),(),-3.9936197211319753,-3.9936197211319753,0.0,,,,,
95,-0.06956059776547643,-0.06956059776547643,-0.06956059776547643,(),(),-3.9936197211319753,-3.9936197211319753,0.0,,,,,
96,-0.06956059776547643,-0.06956059776547643,-0.06956059776547643,(),(),-3.9936197211319753,-3.9936197211319753,0.0,,,,,
97,-0.06956059776547643,-0.06956059776547643,-0.06956059776547643,(),(),-3.9936197211319753,-3.9936197211319753,0.0,,,,,
98,-0.06956059776547643,-0.06956059776547643,-0.06956059776547643,(),(),-3.9936197211319753,-3.9936197211319753,0.0,,,,,
99,-0.06956059776547643,-0.06956059776547643,-0.06956059776547643,(),(),-3.9936197211319753,-3.9936197211319753,0.0,,,,,
100,-0.06956059776547643,-0.06956059776547643,-0.06956059776547643,(),(),-3.9936197211319753,-3.9936197211319753,0.0,,,,,
101,-0.06956059776547643,-0.06956059776547643,-0.06956059776547643,(),(),-3.9936197211319753,-3.9936197211319753,0.0,,,,,
102,-0.001176470588235294,-0.001176470588235294,-0.001176470588235294,(),(),0.013003174964705882,0.013003174964705882,0.0,,,0.0,0.0,()
103,-0.06956059776547643,-0.06956059776547643,-0.06956059776547643,(),(),-3.9936197211319753,-3.9936197211319753,53.490079681274906,,,,,
104,-0.06956059776547643,-0.06956059776547643,-0.06956059776547643,(),(),-3.9936197211319753,-3.9936197211319753,60.60270916334662,,,,,
105,-0.06956059776547643,-0.06956059776547643,-0.06956059776547643,(),(),-3.9936197211319753,-3.9936197211319753,48.30501992031872,,,,,
106,-0.06956059776547643,-0.06956059776547643,-0.06956059776547643,(),(),-3.9936197211319753,-3.9936197211319753,45.103027888446206,,,,,
107,-0.001176470588235294,-0.001176470588235294,-0.001176470588235294,(),(),0.013003174964705882,0.013003174964705882,43.557765957446804,,,0.0,0.0,()
108,-0.06956059776547643,-0.06956059776547643,-0.06956059776547643,(),(),-3.9936197211319753,-3.9936197211319753,42.76596638655462,,,,,
109,-0.06956059776547643,-0.06956059776547643,-0.06956059776547643,(),(),-3.9936197211319753,-3.9936197211319753,42.24727272727274,,,,,
110,-0.06956059776547643,-0.06956059776547643,-0.06956059776547643,(),(),-3.9936197211319753,-3.9936197211319753,41.36171270718231,,,,,
111,-0.06956059776547643,-0.06956059776547643,-0.06956059776547643,(),(),-3.9936197211319753,-3.9936197211319753,40.83347826086956,,,,,
112,-0.06956059776547643,-0.06956059776547643,-0.06956059776547643,(),(),-3.9936197211319753,-3.9936197211319753,40.053717948717946,,,,,
113,-0.06956059776547643,-0.06956059776547643,-0.06956059776547643,(),(),-3.9936197211319753,-3.9936197211319753,40.49041025641025,,,,,
114,-0.06956059776547643,-0.06956059776547643,-0.06956059776547643,(),(),-3.9936197211319753,-3.9936197211319753,44.514133333333334,,,,,
115,-0.06956059776547643,-0.06956059776547643,-0.06956059776547643,(),(),-3.9936197211319753,-3.9936197211319753,49.22617486338797,,,,,
116,-0.06956059776547643,-0.06956059776547643,-0.06956059776547643,(),(),-3.9936197211319753,-3.9936197211319753,53.444,,,,,
117,-0.06956059776547643,-0.06956059776547643,-0.06956059776547643,(),(),-3.9936197211319753,-3.9936197211319753,58.230039840637446,,,,,
118,-0.06956059776547643,-0.06956059776547643,-0.06956059776547643,(),(),-3.9936197211319753,-3.9936197211319753,66.97742081447964,,,,,
119,-0.06956059776547643,-0.06956059776547643,-0.06956059776547643,(),(),-3.9936197211319753,-3.9936197211319753,68.75173228346459,,,,,
120,-0.06956059776547643,-0.06956059776547643,-0.06956059776547643,(),(),-3.9936197211319753,-3.9936197211319753,65.56334661354579,,,,,
121,-0.06956059776547643,-0.06956059776547643,-0.06956059776547643,(),(),-3.9936197211319753,-3.9936197211319753,63.89111553784861,,,,,
122,-0.06956059776547643,-0.06956059776547643,-0.06956059776547643,(),(),-3.9936197211319753,-3.9936197211319753,61.582709163346614,,,,,
123,-0.06956059776547643,-0.06956059776547643,-0.06956059776547643,(),(),-3.9936197211319753,-3.9936197211319753,60.36505976095617,,,,,
124,-0.06956059776547643,-0.06956059776547643,-0.06956059776547643,(),(),-3.9936197211319753,-3.9936197211319753,57.658312499999994,,,,,
125,0.3468531870348967,0.24455816452744492,0.4483094267696738,"(4000,)","(4000,)",-3.485812569682396,-2.3625123903903322,57.55166051660516,,,,,
126,0.3468531870348967,0.24455816452744492,0.4483094267696738,"(4000,)","(4000,)",-3.485812569682396,-2.3625123903903322,67.53680999999999,,,,,
127,0.3468531870348967,0.24455816452744492,0.4483094267696738,"(4000,)","(4000,)",-3.485812569682396,-2.3625123903903322,92.710895,,,,,
128,0.3468531870348967,0.24455816452744492,0.4483094267696738,"(4000,)","(4000,)",-3.485812569682396,-2.3625123903903322,73.11080999999999,,,,,
129,0.3468531870348967,0.24455816452744492,0.4483094267696738,"(4000,)","(4000,)",-3.485812569682396,-2.3625123903903322,92.840945,,,,,
130,-0.000588235294117647,-0.000588235294117647,-0.000588235294117647,(),(),0.006501587482352941,0.006501587482352941,49.3769306930693,,,,,
131,0.000588235294117647,0.000588235294117647,0.000588235294117647,(),(),-0.006501587482352941,-0.006501587482352941,49.753762376237596,,,,,
132,-0.0008235294117647058,-0.0008235294117647058,-0.0008235294117647058,(),(),0.009102222475294117,0.009102222475294117,49.1155888223553,,,,,
133,0.0025,0.0025,0.0025,(),(),-0.027631746800000002,-0.027631746800000002,49.834925373134325,,,,,
134,-0.19206379139039279,-0.19206379139039279,-0.19206379139039279,(),(),-11.212042521588353,-11.212042521588353,50.88686430689446,,,0.0,0.0,()
136,0.3463856276740272,0.3397915526086339,0.35297970273942053,"(101,)","(101,)",-3.1203361722872036,-2.74597382376868,50.91089108910891,,,0.0,10.0,"(21,)"
137,0.3463856276740272,0.3397915526086339,0.35297970273942053,"(101,)","(101,)",-3.1203361722872036,-2.74597382376868,43.04038338658147,,,0.0,0.005,"(21,)"
138,0.3463856276740272,0.3397915526086339,0.35297970273942053,"(101,)","(101,)",-3.1203361722872036,-2.74597382376868,51.54712871287126,,,,,
139,0.3463856276740272,0.3397915526086339,0.35297970273942053,"(101,)","(101,)",-3.1203361722872036,-2.74597382376868,51.11495049504952,,,,,
140,0.3463856276740272,0.3397915526086339,0.35297970273942053,"(101,)","(101,)",-3.1203361722872036,-2.74597382376868,52.2027722772277,,,,,
141,0.3463856276740272,0.3397915526086339,0.35297970273942053,"(101,)","(101,)",-3.1203361722872036,-2.74597382376868,51.4518811881188,,,,,
142,-5.88235294117647e-06,-5.88235294117647e-06,-5.88235294117647e-06,(),(),6.501587482352941e-05,6.501587482352941e-05,53.38099009900992,,,,,
143,0.0002794188616501409,0.0002794188616501409,0.0002794188616501409,(),(),0.015961475709563192,0.015961475709563192,51.516119402985076,,,,,
144,-0.0002794188616501409,-0.0002794188616501409,-0.0002794188616501409,(),(),-0.015961475709563192,-0.015961475709563192,51.78762376237622,,,,,
145,0.34638562767402725,0.3397915526086339,0.35297970273942053,"(201,)","(201,)",-3.1203361722872036,-2.74597382376868,51.43574045196901,,,0.0,0.02,"(201,)"
146,-0.07132530364782938,-0.07132530364782938,-0.07132530364782938,(),(),-3.9741149586849165,-3.9741149586849165,50.490990099009906,,,,,
147,-0.07132530364782938,-0.07132530364782938,-0.07132530364782938,(),(),-3.9741149586849165,-3.9741149586849165,52.53603960396039,,,,,
148,-0.07132530364782938,-0.07132530364782938,-0.07132530364782938,(),(),-3.9741149586849165,-3.9741149586849165,49.40247524752474,,,,,
149,-0.08382565849504225,-0.08382565849504225,-0.08382565849504225,(),(),-4.788442712868958,-4.788442712868958,48.609999999999985,,,,,
150,-0.08559036437739521,-0.08559036437739521,-0.08559036437739521,(),(),-4.7689379504219,-4.7689379504219,50.61249634799545,,,0.015,0.015,()
151,-0.08559036437739521,-0.08559036437739521,-0.08559036437739521,(),(),-4.7689379504219,-4.7689379504219,51.02759616945301,,,-0.015,-0.015,()
152,-0.09985542510696108,-0.09985542510696108,-0.09985542510696108,(),(),-5.563760942158883,-5.563760942158883,51.247641616620676,,,0.015,0.015,()
153,-0.09985542510696108,-0.09985542510696108,-0.09985542510696108,(),(),-5.563760942158883,-5.563760942158883,51.44283557863983,,,0.015,0.015,()
154,-0.09985542510696108,-0.09985542510696108,-0.09985542510696108,(),(),-5.563760942158883,-5.563760942158883,51.974580425255645,,,0.015,0.015,()
155,-0.09985542510696108,-0.09985542510696108,-0.09985542510696108,(),(),-5.563760942158883,-5.563760942158883,51.56067683817562,,,0.015,0.015,()
156,-0.09985542510696108,-0.09985542510696108,-0.09985542510696108,(),(),-5.563760942158883,-5.563760942158883,51.88061029053725,,,0.015,0.015,()
157,-0.09985542510696108,-0.09985542510696108,-0.09985542510696108,(),(),-5.563760942158883,-5.563760942158883,51.73860574582048,,,0.015,0.015,()
158,-0.09985542510696108,-0.09985542510696108,-0.09985542510696108,(),(),-5.563760942158883,-5.563760942158883,51.682330790456085,,,0.015,0.015,()
159,-0.09985542510696108,-0.09985542510696108,-0.09985542510696108,(),(),-5.563760942158883,-5.563760942158883,49.97899700598801,,,0.0,0.0,()
160,-0.09985542510696108,-0.09985542510696108,-0.09985542510696108,(),(),-5.563760942158883,-5.563760942158883,48.16441649082941,,,0.0,0.0,()
161,-0.000588235294117647,-0.000588235294117647,-0.000588235294117647,(),(),0.006501587482352941,0.006501587482352941,47.95479674796747,,,0.0035,0.0035,()
162,-0.000588235294117647,-0.000588235294117647,-0.000588235294117647,(),(),0.006501587482352941,0.006501587482352941,47.94534401164907,,,0.0035,0.0035,()
163,-0.000588235294117647,-0.000588235294117647,-0.000588235294117647,(),(),0.006501587482352941,0.006501587482352941,47.93495206892368,,,0.0035,0.0035,()
164,-0.000588235294117647,-0.000588235294117647,-0.000588235294117647,(),(),0.006501587482352941,0.006501587482352941,47.894555272418394,,,0.0035,0.0035,()
165,-0.000588235294117647,-0.000588235294117647,-0.000588235294117647,(),(),0.006501587482352941,0.006501587482352941,47.890401650285156,,,0.0035,0.0035,()
166,-0.000588235294117647,-0.000588235294117647,-0.000588235294117647,(),(),0.006501587482352941,0.006501587482352941,47.9703385511467,,,0.0035,0.0035,()
167,-0.000588235294117647,-0.000588235294117647,-0.000588235294117647,(),(),0.006501587482352941,0.006501587482352941,47.973141609028026,,,0.0035,0.0035,()
168,-0.000588235294117647,-0.000588235294117647,-0.000588235294117647,(),(),0.006501587482352941,0.006501587482352941,47.939866521053276,,,0.0035,0.0035,()
169,-0.000588235294117647,-0.000588235294117647,-0.000588235294117647,(),(),0.006501587482352941,0.006501587482352941,41.443918213809,,,0.0035,0.0035,()
170,-0.000588235294117647,-0.000588235294117647,-0.000588235294117647,(),(),0.006501587482352941,0.006501587482352941,41.335317315859726,,,0.0035,0.0035,()
171,-0.000588235294117647,-0.000588235294117647,-0.000588235294117647,(),(),0.006501587482352941,0.006501587482352941,41.31836063584517,,,0.0035,0.0035,()
172,-0.000588235294117647,-0.000588235294117647,-0.000588235294117647,(),(),0.006501587482352941,0.006501587482352941,41.32416697002791,,,0.0035,0.0035,()
173,-0.000588235294117647,-0.000588235294117647,-0.000588235294117647,(),(),0.006501587482352941,0.006501587482352941,41.286482223031186,,,0.0035,0.0035,()
174,-0.000588235294117647,-0.000588235294117647,-0.000588235294117647,(),(),0.006501587482352941,0.006501587482352941,41.32667758767139,,,0.0035,0.0035,()
175,-0.000588235294117647,-0.000588235294117647,-0.000588235294117647,(),(),0.006501587482352941,0.006501587482352941,41.38980827569469,,,0.0035,0.0035,()
176,-0.000588235294117647,-0.000588235294117647,-0.000588235294117647,(),(),0.006501587482352941,0.006501587482352941,41.165358572988715,,,0.0035,0.0035,()
177,-0.000588235294117647,-0.000588235294117647,-0.000588235294117647,(),(),0.006501587482352941,0.006501587482352941,41.13896978522024,,,0.0035,0.0035,()
178,-0.000588235294117647,-0.000588235294117647,-0.000588235294117647,(),(),0.006501587482352941,0.006501587482352941,41.08330906443393,,,0.0035,0.0035,()
179,-0.000588235294117647,-0.000588235294117647,-0.000588235294117647,(),(),0.006501587482352941,0.006501587482352941,41.157386239534034,,,0.0035,0.0035,()
180,-0.000588235294117647,-0.000588235294117647,-0.000588235294117647,(),(),0.006501587482352941,0.006501587482352941,41.08831937871618,,,0.0035,0.0035,()
181,-0.000588235294117647,-0.000588235294117647,-0.000588235294117647,(),(),0.006501587482352941,0.006501587482352941,41.161195243295715,,,0.0035,0.0035,()
182,-0.000588235294117647,-0.000588235294117647,-0.000588235294117647,(),(),0.006501587482352941,0.006501587482352941,41.396485863366095,,,0.0035,0.0035,()
183,-0.08382565849504225,-0.08382565849504225,-0.08382565849504225,(),(),-4.788442712868958,-4.788442712868958,39.91029850746267,,,,,
184,-0.08382565849504225,-0.08382565849504225,-0.08382565849504225,(),(),-4.788442712868958,-4.788442712868958,40.093233830845776,,,,,
185,-0.08382565849504225,-0.08382565849504225,-0.08382565849504225,(),(),-4.788442712868958,-4.788442712868958,40.044975124378105,,,,,
186,-0.08382565849504225,-0.08382565849504225,-0.08382565849504225,(),(),-4.788442712868958,-4.788442712868958,40.16393034825871,,,,,
187,-0.08382565849504225,-0.08382565849504225,-0.08382565849504225,(),(),-4.788442712868958,-4.788442712868958,40.1876119402985,,,,,
188,-0.08382565849504225,-0.08382565849504225,-0.08382565849504225,(),(),-4.788442712868958,-4.788442712868958,40.06213930348259,,,,,
189,-0.08382565849504225,-0.08382565849504225,-0.08382565849504225,(),(),-4.788442712868958,-4.788442712868958,40.47527363184078,,,,,
190,-0.08382565849504225,-0.08382565849504225,-0.08382565849504225,(),(),-4.788442712868958,-4.788442712868958,40.28845771144279,,,,,
191,-0.08382565849504225,-0.08382565849504225,-0.08382565849504225,(),(),-4.788442712868958,-4.788442712868958,40.166119402985075,,,,,
192,-0.08382565849504225,-0.08382565849504225,-0.08382565849504225,(),(),-4.788442712868958,-4.788442712868958,39.91656716417911,,,,,
193,-0.08382565849504225,-0.08382565849504225,-0.08382565849504225,(),(),-4.788442712868958,-4.788442712868958,40.334129353233834,,,,,
194,-0.08382565849504225,-0.08382565849504225,-0.08382565849504225,(),(),-4.788442712868958,-4.788442712868958,40.448407960199006,,,,,
195,-0.08382565849504225,-0.08382565849504225,-0.08382565849504225,(),(),-4.788442712868958,-4.788442712868958,41.84532338308457,,,,,
196,-0.08382565849504225,-0.08382565849504225,-0.08382565849504225,(),(),-4.788442712868958,-4.788442712868958,44.483333333333334,,,,,
197,-0.08382565849504225,-0.08382565849504225,-0.08382565849504225,(),(),-4.788442712868958,-4.788442712868958,49.43502487562189,,,,,
198,-0.08382565849504225,-0.08382565849504225,-0.08382565849504225,(),(),-4.788442712868958,-4.788442712868958,52.620248756218906,,,,,
199,-0.08382565849504225,-0.08382565849504225,-0.08382565849504225,(),(),-4.788442712868958,-4.788442712868958,56.39393034825871,,,,,
200,-0.08382565849504225,-0.08382565849504225,-0.08382565849504225,(),(),-4.788442712868958,-4.788442712868958,59.84184079601989,,,,,
201,-0.08382565849504225,-0.08382565849504225,-0.08382565849504225,(),(),-4.788442712868958,-4.788442712868958,64.2949751243781,,,,,
202,-0.08382565849504225,-0.08382565849504225,-0.08382565849504225,(),(),-4.788442712868958,-4.788442712868958,69.22626865671643,,,,,
203,-0.08382565849504225,-0.08382565849504225,-0.08382565849504225,(),(),-4.788442712868958,-4.788442712868958,74.57144278606965,,,,,
204,-0.08382565849504225,-0.08382565849504225,-0.08382565849504225,(),(),-4.788442712868958,-4.788442712868958,80.21557213930346,,,,,
205,-0.08382565849504225,-0.08382565849504225,-0.08382565849504225,(),(),-4.788442712868958,-4.788442712868958,86.09064676616916,,,,,
206,-0.08382565849504225,-0.08382565849504225,-0.08382565849504225,(),(),-4.788442712868958,-4.788442712868958,92.10641791044777,,,,,
207,-0.08382565849504225,-0.08382565849504225,-0.08382565849504225,(),(),-4.788442712868958,-4.788442712868958,98.12606965174129,,,,,
208,-0.08382565849504225,-0.08382565849504225,-0.08382565849504225,(),(),-4.788442712868958,-4.788442712868958,105.30965174129354,,,,,
209,-0.08382565849504225,-0.08382565849504225,-0.08382565849504225,(),(),-4.788442712868958,-4.788442712868958,111.42597014925371,,,,,
210,-0.08382565849504225,-0.08382565849504225,-0.08382565849504225,(),(),-4.788442712868958,-4.788442712868958,118.15268656716421,,,,,
211,-0.08382565849504225,-0.08382565849504225,-0.08382565849504225,(),(),-4.788442712868958,-4.788442712868958,125.02940298507467,,,,,
212,-0.08382565849504225,-0.08382565849504225,-0.08382565849504225,(),(),-4.788442712868958,-4.788442712868958,131.48542288557212,,,,,
213,-0.08382565849504225,-0.08382565849504225,-0.08382565849504225,(),(),-4.788442712868958,-4.788442712868958,138.10641791044776,,,,,
214,-0.08382565849504225,-0.08382565849504225,-0.08382565849504225,(),(),-4.788442712868958,-4.788442712868958,144.90895522388058,,,,,
215,-0.08382565849504225,-0.08382565849504225,-0.08382565849504225,(),(),-4.788442712868958,-4.788442712868958,151.82402985074629,,,,,
216,-0.08382565849504225,-0.08382565849504225,-0.08382565849504225,(),(),-4.788442712868958,-4.788442712868958,158.57293532338312,,,,,
217,-0.08382565849504225,-0.08382565849504225,-0.08382565849504225,(),(),-4.788442712868958,-4.788442712868958,165.48328358208954,,,,,
218,-0.1926520266845104,-0.1926520266845104,-0.1926520266845104,(),(),-11.205540934106002,-11.205540934106002,27.066632860040567,,,0.0,0.0,()
219,-2.941176470588235e-06,-2.941176470588235e-06,-2.941176470588235e-06,(),(),3.250793741176471e-05,3.250793741176471e-05,27.05647840531562,,,,,
220,-0.1926520266845104,-0.1926520266845104,-0.1926520266845104,(),(),-11.205540934106002,-11.205540934106002,26.72766515680305,,,0.0,0.0,()
221,-0.09985542510696108,-0.09985542510696108,-0.09985542510696108,(),(),-5.563760942158883,-5.563760942158883,26.568130173673108,,,0.015,0.015,()
222,-0.09985542510696108,-0.09985542510696108,-0.09985542510696108,(),(),-5.563760942158883,-5.563760942158883,26.560000000000002,,,0.015,0.015,()
223,-0.09985542510696108,-0.09985542510696108,-0.09985542510696108,(),(),-5.563760942158883,-5.563760942158883,26.560000000000002,,,0.012,0.012,()
224,-0.09985542510696108,-0.09985542510696108,-0.09985542510696108,(),(),-5.563760942158883,-5.563760942158883,26.571853595195584,,,0.012,0.012,()
225,-0.09985542510696108,-0.09985542510696108,-0.09985542510696108,(),(),-5.563760942158883,-5.563760942158883,26.68175945463399,,,0.012,0.012,()
226,-0.09985542510696108,-0.09985542510696108,-0.09985542510696108,(),(),-5.563760942158883,-5.563760942158883,26.691680252432292,,,0.012,0.012,()
228,-2.941176470588235e-06,-2.941176470588235e-06,-2.941176470588235e-06,(),(),3.250793741176471e-05,3.250793741176471e-05,26.626810631229237,,,,,
229,-2.941176470588235e-06,-2.941176470588235e-06,-2.941176470588235e-06,(),(),3.250793741176471e-05,3.250793741176471e-05,0.0,,,,,
230,-2.941176470588235e-06,-2.941176470588235e-06,-2.941176470588235e-06,(),(),3.250793741176471e-05,3.250793741176471e-05,0.0,,,,,
231,-2.941176470588235e-06,-2.941176470588235e-06,-2.941176470588235e-06,(),(),3.250793741176471e-05,3.250793741176471e-05,30.62916943521595,,,,,
232,-2.941176470588235e-06,-2.941176470588235e-06,-2.941176470588235e-06,(),(),3.250793741176471e-05,3.250793741176471e-05,26.92162790697674,,,,,
233,-2.941176470588235e-06,-2.941176470588235e-06,-2.941176470588235e-06,(),(),3.250793741176471e-05,3.250793741176471e-05,26.789269102990033,,,,,
234,-2.941176470588235e-06,-2.941176470588235e-06,-2.941176470588235e-06,(),(),3.250793741176471e-05,3.250793741176471e-05,26.677242524916945,,,,,
235,-0.014706237200154107,-0.014706237200154107,-0.014706237200154107,(),(),-0.7899468011252185,-0.7899468011252185,26.533928717070385,,,0.0065,0.0065,()
236,-0.014706237200154107,-0.014706237200154107,-0.014706237200154107,(),(),-0.7899468011252185,-0.7899468011252185,26.469867058151866,,,0.0065,0.0065,()
237,-0.014706237200154107,-0.014706237200154107,-0.014706237200154107,(),(),-0.7899468011252185,-0.7899468011252185,26.438062963869182,,,0.0065,0.0065,()
238,-0.014706237200154107,-0.014706237200154107,-0.014706237200154107,(),(),-0.7899468011252185,-0.7899468011252185,26.445758094772042,,,0.0065,0.0065,()
239,-0.014706237200154107,-0.014706237200154107,-0.014706237200154107,(),(),-0.7899468011252185,-0.7899468011252185,26.466055786640567,,,0.0065,0.0065,()
240,-0.000588235294117647,-0.000588235294117647,-0.000588235294117647,(),(),0.006501587482352941,0.006501587482352941,26.482412328600894,,,0.0035,0.0035,()
241,-0.000588235294117647,-0.000588235294117647,-0.000588235294117647,(),(),0.006501587482352941,0.006501587482352941,26.4653391188251,,,0.0035,0.0035,()
242,-0.000588235294117647,-0.000588235294117647,-0.000588235294117647,(),(),0.006501587482352941,0.006501587482352941,26.503846153846155,,,0.0035,0.0035,()
243,-0.014706237200154107,-0.014706237200154107,-0.014706237200154107,(),(),-0.7899468011252185,-0.7899468011252185,26.444691297610312,,,0.0065,0.0065,()
244,-0.014706237200154107,-0.014706237200154107,-0.014706237200154107,(),(),-0.7899468011252185,-0.7899468011252185,26.416818367180493,,,0.0065,0.0065,()
245,-0.014706237200154107,-0.014706237200154107,-0.014706237200154107,(),(),-0.7899468011252185,-0.7899468011252185,26.37719680287089,,,0.0065,0.0065,()
246,-0.014706237200154107,-0.014706237200154107,-0.014706237200154107,(),(),-0.7899468011252185,-0.7899468011252185,26.363036457058964,,,0.0065,0.0065,()
247,-0.014706237200154107,-0.014706237200154107,-0.014706237200154107,(),(),-0.7899468011252185,-0.7899468011252185,26.386598156757195,,,0.0065,0.0065,()
248,-0.014706237200154107,-0.014706237200154107,-0.014706237200154107,(),(),-0.7899468011252185,-0.7899468011252185,26.369562025935895,,,0.0065,0.0065,()
249,-0.014706237200154107,-0.014706237200154107,-0.014706237200154107,(),(),-0.7899468011252185,-0.7899468011252185,26.32024794062475,,,0.0065,0.0065,()
250,-0.22309391284952448,-0.22309391284952448,-0.22309391284952448,(),(),-12.774056758262319,-12.774056758262319,26.27754839663071,,,-1.0,-1.0,()
251,-5.88235294117647e-06,-5.88235294117647e-06,-5.88235294117647e-06,(),(),6.501587482352941e-05,6.501587482352941e-05,26.405421686746987,,,,,
252,5.88235294117647e-06,5.88235294117647e-06,5.88235294117647e-06,(),(),-6.501587482352941e-05,-6.501587482352941e-05,26.328481012658226,,,,,
253,-5.88235294117647e-06,-5.88235294117647e-06,-5.88235294117647e-06,(),(),6.501587482352941e-05,6.501587482352941e-05,26.361764705882354,,,,,
254,5.88235294117647e-06,5.88235294117647e-06,5.88235294117647e-06,(),(),-6.501587482352941e-05,-6.501587482352941e-05,26.35074626865672,,,,,
255,-5.88235294117647e-06,-5.88235294117647e-06,-5.88235294117647e-06,(),(),6.501587482352941e-05,6.501587482352941e-05,26.427207207207214,,,,,
256,-2.941176470588235e-06,-2.941176470588235e-06,-2.941176470588235e-06,(),(),3.250793741176471e-05,3.250793741176471e-05,27.695649999999997,,,,,
257,-2.941176470588235e-06,-2.941176470588235e-06,-2.941176470588235e-06,(),(),3.250793741176471e-05,3.250793741176471e-05,26.7664,,,,,
258,-2.941176470588235e-06,-2.941176470588235e-06,-2.941176470588235e-06,(),(),3.250793741176471e-05,3.250793741176471e-05,26.37245,,,,,
259,-2.941176470588235e-06,-2.941176470588235e-06,-2.941176470588235e-06,(),(),3.250793741176471e-05,3.250793741176471e-05,26.294150000000002,,,,,
260,-0.014706237200154107,-0.014706237200154107,-0.014706237200154107,(),(),-0.7899468011252185,-0.7899468011252185,26.296867772750122,,,0.0065,0.0065,()
262,-0.014706237200154107,-0.014706237200154107,-0.014706237200154107,(),(),-0.7899468011252185,-0.7899468011252185,26.266706630780522,,,0.0065,0.0065,()
263,-0.014706237200154107,-0.014706237200154107,-0.014706237200154107,(),(),-0.7899468011252185,-0.7899468011252185,26.22807030421662,,,0.0065,0.0065,()
264,-0.014706237200154107,-0.014706237200154107,-0.014706237200154107,(),(),-0.7899468011252185,-0.7899468011252185,26.186450534214178,,,0.0065,0.0065,()
265,-0.014706237200154107,-0.014706237200154107,-0.014706237200154107,(),(),-0.7899468011252185,-0.7899468011252185,26.202251039882555,,,0.0065,0.0065,()
266,-0.014706237200154107,-0.014706237200154107,-0.014706237200154107,(),(),-0.7899468011252185,-0.7899468011252185,26.243865100725877,,,0.0065,0.0065,()
267,-0.014706237200154107,-0.014706237200154107,-0.014706237200154107,(),(),-0.7899468011252185,-0.7899468011252185,26.244915586004403,,,0.0065,0.0065,()
268,-0.014706237200154107,-0.014706237200154107,-0.014706237200154107,(),(),-0.7899468011252185,-0.7899468011252185,26.182531604273713,,,0.0065,0.0065,()
269,-0.014706237200154107,-0.014706237200154107,-0.014706237200154107,(),(),-0.7899468011252185,-0.7899468011252185,26.146043552728162,,,0.0065,0.0065,()
270,-0.014706237200154107,-0.014706237200154107,-0.014706237200154107,(),(),-0.7899468011252185,-0.7899468011252185,26.15248185302993,,,0.0065,0.0065,()
271,-0.014706237200154107,-0.014706237200154107,-0.014706237200154107,(),(),-0.7899468011252185,-0.7899468011252185,26.13499959220292,,,0.0065,0.0065,()
272,-0.01573564896485999,-0.01573564896485999,-0.01573564896485999,(),(),-0.778569023031101,-0.778569023031101,26.46,,,0.0065,0.0065,()
273,-0.04220694689457996,-0.04220694689457996,-0.04220694689457996,(),(),-2.3909705626933024,-2.3909705626933024,26.459999999999997,,,0.0,0.0,()
274,0.04220694689457996,0.04220694689457996,0.04220694689457996,(),(),2.3909705626933024,2.3909705626933024,26.459999999999997,,,0.0,0.0,()
275,0.04220694689457996,0.04220694689457996,0.04220694689457996,(),(),2.3909705626933024,2.3909705626933024,26.459999999999997,,,0.0,0.0,()
276,0.04220694689457996,0.04220694689457996,0.04220694689457996,(),(),2.3909705626933024,2.3909705626933024,26.459999999999997,,,0.01,0.01,()
277,-0.04220694689457996,-0.04220694689457996,-0.04220694689457996,(),(),-2.3909705626933024,-2.3909705626933024,26.459999999999997,,,0.014,0.014,()
278,-0.04220694689457996,-0.04220694689457996,-0.04220694689457996,(),(),-2.3909705626933024,-2.3909705626933024,26.46,,,0.014,0.014,()
279,-0.04220694689457996,-0.04220694689457996,-0.04220694689457996,(),(),-2.3909705626933024,-2.3909705626933024,26.46,,,0.0,0.0,()
280,-0.08441389378915992,-0.08441389378915992,-0.08441389378915992,(),(),-4.781941125386605,-4.781941125386605,26.46,,,0.014,0.014,()
281,-0.1676513169900845,-0.1676513169900845,-0.1676513169900845,(),(),-9.576885425737917,-9.576885425737917,26.46,,,0.014,0.014,()
282,-0.08559036437739521,-0.08559036437739521,-0.08559036437739521,(),(),-4.7689379504219,-4.7689379504219,26.46,,,0.0,0.0,()
283,-0.08323742320092462,-0.08323742320092462,-0.08323742320092462,(),(),-4.794944300351311,-4.794944300351311,26.460000000000008,,,,,
284,-0.08323742320092462,-0.08323742320092462,-0.08323742320092462,(),(),-4.794944300351311,-4.794944300351311,26.460000000000008,,,,,
285,-0.08323742320092462,-0.08323742320092462,-0.08323742320092462,(),(),-4.794944300351311,-4.794944300351311,26.460000000000008,,,,,
286,-0.08323742320092462,-0.08323742320092462,-0.08323742320092462,(),(),-4.794944300351311,-4.794944300351311,26.460000000000008,,,,,
287,-0.08323742320092462,-0.08323742320092462,-0.08323742320092462,(),(),-4.794944300351311,-4.794944300351311,26.460000000000008,,,,,
288,-0.08323742320092462,-0.08323742320092462,-0.08323742320092462,(),(),-4.794944300351311,-4.794944300351311,26.460000000000008,,,,,
289,-0.08323742320092462,-0.08323742320092462,-0.08323742320092462,(),(),-4.794944300351311,-4.794944300351311,26.460000000000008,,,,,
290,-0.08323742320092462,-0.08323742320092462,-0.08323742320092462,(),(),-4.794944300351311,-4.794944300351311,26.460000000000008,,,,,
291,-0.08323742320092462,-0.08323742320092462,-0.08323742320092462,(),(),-4.794944300351311,-4.794944300351311,26.460000000000008,,,,,
292,-0.08323742320092462,-0.08323742320092462,-0.08323742320092462,(),(),-4.794944300351311,-4.794944300351311,26.460000000000008,,,,,
293,-0.08323742320092462,-0.08323742320092462,-0.08323742320092462,(),(),-4.794944300351311,-4.794944300351311,26.460000000000008,,,,,
294,-0.08323742320092462,-0.08323742320092462,-0.08323742320092462,(),(),-4.794944300351311,-4.794944300351311,26.460000000000008,,,,,
295,-0.08323742320092462,-0.08323742320092462,-0.08323742320092462,(),(),-4.794944300351311,-4.794944300351311,26.460000000000008,,,,,
296,-0.08323742320092462,-0.08323742320092462,-0.08323742320092462,(),(),-4.794944300351311,-4.794944300351311,26.460000000000008,,,,,
297,-0.08323742320092462,-0.08323742320092462,-0.08323742320092462,(),(),-4.794944300351311,-4.794944300351311,26.460000000000008,,,,,
298,-0.08323742320092462,-0.08323742320092462,-0.08323742320092462,(),(),-4.794944300351311,-4.794944300351311,26.460000000000008,,,,,
299,-0.08323742320092462,-0.08323742320092462,-0.08323742320092462,(),(),-4.794944300351311,-4.794944300351311,26.460000000000008,,,,,
300,-0.08323742320092462,-0.08323742320092462,-0.08323742320092462,(),(),-4.794944300351311,-4.794944300351311,26.460000000000008,,,,,
301,-0.08323742320092462,-0.08323742320092462,-0.08323742320092462,(),(),-4.794944300351311,-4.794944300351311,26.460000000000008,,,,,
302,-0.08323742320092462,-0.08323742320092462,-0.08323742320092462,(),(),-4.794944300351311,-4.794944300351311,26.460000000000008,,,,,
303,-0.08323742320092462,-0.08323742320092462,-0.08323742320092462,(),(),-4.794944300351311,-4.794944300351311,26.460000000000008,,,,,
304,-0.08323742320092462,-0.08323742320092462,-0.08323742320092462,(),(),-4.794944300351311,-4.794944300351311,26.460000000000008,,,,,
305,-0.08323742320092462,-0.08323742320092462,-0.08323742320092462,(),(),-4.794944300351311,-4.794944300351311,26.460000000000008,,,,,
306,-0.08323742320092462,-0.08323742320092462,-0.08323742320092462,(),(),-4.794944300351311,-4.794944300351311,26.460000000000008,,,,,
307,-0.08323742320092462,-0.08323742320092462,-0.08323742320092462,(),(),-4.794944300351311,-4.794944300351311,26.460000000000008,,,,,
308,-0.08323742320092462,-0.08323742320092462,-0.08323742320092462,(),(),-4.794944300351311,-4.794944300351311,26.460000000000008,,,,,
309,-0.08323742320092462,-0.08323742320092462,-0.08323742320092462,(),(),-4.794944300351311,-4.794944300351311,26.460000000000008,,,,,
310,-0.08323742320092462,-0.08323742320092462,-0.08323742320092462,(),(),-4.794944300351311,-4.794944300351311,26.460000000000008,,,,,
311,-0.08323742320092462,-0.08323742320092462,-0.08323742320092462,(),(),-4.794944300351311,-4.794944300351311,26.460000000000008,,,,,
312,-0.08323742320092462,-0.08323742320092462,-0.08323742320092462,(),(),-4.794944300351311,-4.794944300351311,26.460000000000008,,,,,
313,-0.08323742320092462,-0.08323742320092462,-0.08323742320092462,(),(),-4.794944300351311,-4.794944300351311,26.460000000000008,,,,,
314,-0.08323742320092462,-0.08323742320092462,-0.08323742320092462,(),(),-4.794944300351311,-4.794944300351311,26.460000000000008,,,,,
315,-0.08323742320092462,-0.08323742320092462,-0.08323742320092462,(),(),-4.794944300351311,-4.794944300351311,26.460000000000008,,,,,
316,-0.08323742320092462,-0.08323742320092462,-0.08323742320092462,(),(),-4.794944300351311,-4.794944300351311,26.460000000000008,,,,,
317,-0.08323742320092462,-0.08323742320092462,-0.08323742320092462,(),(),-4.794944300351311,-4.794944300351311,26.460000000000008,,,,,
318,-0.08323742320092462,-0.08323742320092462,-0.08323742320092462,(),(),-4.794944300351311,-4.794944300351311,26.460000000000008,,,,,
319,-0.08323742320092462,-0.08323742320092462,-0.08323742320092462,(),(),-4.794944300351311,-4.794944300351311,26.460000000000008,,,,,
320,-0.08323742320092462,-0.08323742320092462,-0.08323742320092462,(),(),-4.794944300351311,-4.794944300351311,26.460000000000008,,,,,
321,-0.08323742320092462,-0.08323742320092462,-0.08323742320092462,(),(),-4.794944300351311,-4.794944300351311,26.460000000000008,,,,,
322,-0.08323742320092462,-0.08323742320092462,-0.08323742320092462,(),(),-4.794944300351311,-4.794944300351311,26.460000000000008,,,,,
323,-0.08323742320092462,-0.08323742320092462,-0.08323742320092462,(),(),-4.794944300351311,-4.794944300351311,26.460000000000008,,,,,
324,-0.08323742320092462,-0.08323742320092462,-0.08323742320092462,(),(),-4.794944300351311,-4.794944300351311,26.460000000000008,,,,,
325,-0.08323742320092462,-0.08323742320092462,-0.08323742320092462,(),(),-4.794944300351311,-4.794944300351311,26.460000000000008,,,,,
326,-0.08323742320092462,-0.08323742320092462,-0.08323742320092462,(),(),-4.794944300351311,-4.794944300351311,26.460000000000008,,,,,
327,-0.08323742320092462,-0.08323742320092462,-0.08323742320092462,(),(),-4.794944300351311,-4.794944300351311,26.460000000000008,,,,,
328,-0.08323742320092462,-0.08323742320092462,-0.08323742320092462,(),(),-4.794944300351311,-4.794944300351311,26.460000000000008,,,,,
329,-0.08323742320092462,-0.08323742320092462,-0.08323742320092462,(),(),-4.794944300351311,-4.794944300351311,26.460000000000008,,,,,
330,-0.08323742320092462,-0.08323742320092462,-0.08323742320092462,(),(),-4.794944300351311,-4.794944300351311,26.460000000000008,,,,,
331,-0.08323742320092462,-0.08323742320092462,-0.08323742320092462,(),(),-4.794944300351311,-4.794944300351311,26.460000000000008,,,,,
332,-0.08323742320092462,-0.08323742320092462,-0.08323742320092462,(),(),-4.794944300351311,-4.794944300351311,26.460000000000008,,,,,
333,-0.08323742320092462,-0.08323742320092462,-0.08323742320092462,(),(),-4.794944300351311,-4.794944300351311,26.460000000000008,,,,,
334,-0.08323742320092462,-0.08323742320092462,-0.08323742320092462,(),(),-4.794944300351311,-4.794944300351311,26.460000000000008,,,,,
335,-0.08323742320092462,-0.08323742320092462,-0.08323742320092462,(),(),-4.794944300351311,-4.794944300351311,26.460000000000008,,,,,
336,-0.08323742320092462,-0.08323742320092462,-0.08323742320092462,(),(),-4.794944300351311,-4.794944300351311,26.460000000000008,,,,,
337,-0.08323742320092462,-0.08323742320092462,-0.08323742320092462,(),(),-4.794944300351311,-4.794944300351311,26.460000000000008,,,,,
338,-0.08323742320092462,-0.08323742320092462,-0.08323742320092462,(),(),-4.794944300351311,-4.794944300351311,26.460000000000008,,,,,
339,-0.08323742320092462,-0.08323742320092462,-0.08323742320092462,(),(),-4.794944300351311,-4.794944300351311,26.460000000000008,,,,,
340,-0.08323742320092462,-0.08323742320092462,-0.08323742320092462,(),(),-4.794944300351311,-4.794944300351311,26.460000000000008,,,,,
341,-0.08323742320092462,-0.08323742320092462,-0.08323742320092462,(),(),-4.794944300351311,-4.794944300351311,26.460000000000008,,,,,
342,-0.08323742320092462,-0.08323742320092462,-0.08323742320092462,(),(),-4.794944300351311,-4.794944300351311,26.460000000000008,,,,,
343,-0.08323742320092462,-0.08323742320092462,-0.08323742320092462,(),(),-4.794944300351311,-4.794944300351311,26.460000000000008,,,,,
344,-0.08323742320092462,-0.08323742320092462,-0.08323742320092462,(),(),-4.794944300351311,-4.794944300351311,26.460000000000008,,,,,
345,-0.08323742320092462,-0.08323742320092462,-0.08323742320092462,(),(),-4.794944300351311,-4.794944300351311,26.460000000000008,,,,,
346,-0.08323742320092462,-0.08323742320092462,-0.08323742320092462,(),(),-4.794944300351311,-4.794944300351311,26.460000000000008,,,,,
347,-0.08323742320092462,-0.08323742320092462,-0.08323742320092462,(),(),-4.794944300351311,-4.794944300351311,26.460000000000008,,,,,
348,-0.08323742320092462,-0.08323742320092462,-0.08323742320092462,(),(),-4.794944300351311,-4.794944300351311,26.460000000000008,,,,,
349,-0.08323742320092462,-0.08323742320092462,-0.08323742320092462,(),(),-4.794944300351311,-4.794944300351311,26.460000000000008,,,,,
350,-0.08323742320092462,-0.08323742320092462,-0.08323742320092462,(),(),-4.794944300351311,-4.794944300351311,26.460000000000008,,,,,
351,-0.08323742320092462,-0.08323742320092462,-0.08323742320092462,(),(),-4.794944300351311,-4.794944300351311,26.460000000000008,,,,,
352,-0.08323742320092462,-0.08323742320092462,-0.08323742320092462,(),(),-4.794944300351311,-4.794944300351311,26.460000000000008,,,,,
353,-0.08323742320092462,-0.08323742320092462,-0.08323742320092462,(),(),-4.794944300351311,-4.794944300351311,26.460000000000008,,,,,
354,-0.08323742320092462,-0.08323742320092462,-0.08323742320092462,(),(),-4.794944300351311,-4.794944300351311,26.460000000000008,,,,,
355,-0.08323742320092462,-0.08323742320092462,-0.08323742320092462,(),(),-4.794944300351311,-4.794944300351311,26.460000000000008,,,,,
356,-0.08323742320092462,-0.08323742320092462,-0.08323742320092462,(),(),-4.794944300351311,-4.794944300351311,26.460000000000008,,,,,
357,-0.08323742320092462,-0.08323742320092462,-0.08323742320092462,(),(),-4.794944300351311,-4.794944300351311,26.460000000000008,,,,,
358,-0.08323742320092462,-0.08323742320092462,-0.08323742320092462,(),(),-4.794944300351311,-4.794944300351311,26.460000000000008,,,,,
359,-0.08323742320092462,-0.08323742320092462,-0.08323742320092462,(),(),-4.794944300351311,-4.794944300351311,26.460000000000008,,,,,
360,-0.08323742320092462,-0.08323742320092462,-0.08323742320092462,(),(),-4.794944300351311,-4.794944300351311,26.460000000000008,,,,,
361,-0.08323742320092462,-0.08323742320092462,-0.08323742320092462,(),(),-4.794944300351311,-4.794944300351311,26.460000000000008,,,,,
362,-0.08323742320092462,-0.08323742320092462,-0.08323742320092462,(),(),-4.794944300351311,-4.794944300351311,26.460000000000008,,,,,
363,-0.08323742320092462,-0.08323742320092462,-0.08323742320092462,(),(),-4.794944300351311,-4.794944300351311,26.460000000000008,,,,,
364,-0.08323742320092462,-0.08323742320092462,-0.08323742320092462,(),(),-4.794944300351311,-4.794944300351311,26.460000000000008,,,,,
365,-0.08323742320092462,-0.08323742320092462,-0.08323742320092462,(),(),-4.794944300351311,-4.794944300351311,26.460000000000008,,,,,
366,-0.08323742320092462,-0.08323742320092462,-0.08323742320092462,(),(),-4.794944300351311,-4.794944300351311,26.460000000000008,,,,,
367,-0.08323742320092462,-0.08323742320092462,-0.08323742320092462,(),(),-4.794944300351311,-4.794944300351311,26.460000000000008,,,,,
368,-0.08323742320092462,-0.08323742320092462,-0.08323742320092462,(),(),-4.794944300351311,-4.794944300351311,37.14262458471761,,,,,
369,-0.08323742320092462,-0.08323742320092462,-0.08323742320092462,(),(),-4.794944300351311,-4.794944300351311,43.80428571428571,,,,,
370,-0.08323742320092462,-0.08323742320092462,-0.08323742320092462,(),(),-4.794944300351311,-4.794944300351311,60.782126245847174,,,,,
371,-0.08323742320092462,-0.08323742320092462,-0.08323742320092462,(),(),-4.794944300351311,-4.794944300351311,61.84800664451828,,,,,
372,-0.08323742320092462,-0.08323742320092462,-0.08323742320092462,(),(),-4.794944300351311,-4.794944300351311,63.03584717607974,,,,,
373,-0.08323742320092462,-0.08323742320092462,-0.08323742320092462,(),(),-4.794944300351311,-4.794944300351311,64.11259136212622,,,,,
374,-0.08323742320092462,-0.08323742320092462,-0.08323742320092462,(),(),-4.794944300351311,-4.794944300351311,65.33750830564786,,,,,
375,-0.08323742320092462,-0.08323742320092462,-0.08323742320092462,(),(),-4.794944300351311,-4.794944300351311,66.39132890365448,,,,,
376,-0.08323742320092462,-0.08323742320092462,-0.08323742320092462,(),(),-4.794944300351311,-4.794944300351311,67.70993355481727,,,,,
377,-0.08323742320092462,-0.08323742320092462,-0.08323742320092462,(),(),-4.794944300351311,-4.794944300351311,68.81661129568106,,,,,
378,-0.08323742320092462,-0.08323742320092462,-0.08323742320092462,(),(),-4.794944300351311,-4.794944300351311,70.04401993355482,,,,,
379,-0.08323742320092462,-0.08323742320092462,-0.08323742320092462,(),(),-4.794944300351311,-4.794944300351311,71.27136212624585,,,,,
380,-0.08323742320092462,-0.08323742320092462,-0.08323742320092462,(),(),-4.794944300351311,-4.794944300351311,72.45345514950166,,,,,
381,-0.08323742320092462,-0.08323742320092462,-0.08323742320092462,(),(),-4.794944300351311,-4.794944300351311,73.62182724252492,,,,,
382,-0.08323742320092462,-0.08323742320092462,-0.08323742320092462,(),(),-4.794944300351311,-4.794944300351311,74.99654485049834,,,,,
383,-0.08323742320092462,-0.08323742320092462,-0.08323742320092462,(),(),-4.794944300351311,-4.794944300351311,76.29023255813954,,,,,
384,-0.08323742320092462,-0.08323742320092462,-0.08323742320092462,(),(),-4.794944300351311,-4.794944300351311,77.53079734219268,,,,,
385,-0.08323742320092462,-0.08323742320092462,-0.08323742320092462,(),(),-4.794944300351311,-4.794944300351311,78.77275747508305,,,,,
386,-0.08323742320092462,-0.08323742320092462,-0.08323742320092462,(),(),-4.794944300351311,-4.794944300351311,79.93033222591363,,,,,
387,-0.08323742320092462,-0.08323742320092462,-0.08323742320092462,(),(),-4.794944300351311,-4.794944300351311,81.29548172757475,,,,,
388,-0.08323742320092462,-0.08323742320092462,-0.08323742320092462,(),(),-4.794944300351311,-4.794944300351311,82.46362126245847,,,,,
389,-0.08323742320092462,-0.08323742320092462,-0.08323742320092462,(),(),-4.794944300351311,-4.794944300351311,83.75126245847177,,,,,
390,-0.08323742320092462,-0.08323742320092462,-0.08323742320092462,(),(),-4.794944300351311,-4.794944300351311,84.98621262458474,,,,,
391,-0.08323742320092462,-0.08323742320092462,-0.08323742320092462,(),(),-4.794944300351311,-4.794944300351311,86.24242524916943,,,,,
392,-0.08323742320092462,-0.08323742320092462,-0.08323742320092462,(),(),-4.794944300351311,-4.794944300351311,87.60830564784052,,,,,
393,-0.08323742320092462,-0.08323742320092462,-0.08323742320092462,(),(),-4.794944300351311,-4.794944300351311,88.95571428571431,,,,,
394,-0.08323742320092462,-0.08323742320092462,-0.08323742320092462,(),(),-4.794944300351311,-4.794944300351311,90.00504983388704,,,,,
395,-0.08323742320092462,-0.08323742320092462,-0.08323742320092462,(),(),-4.794944300351311,-4.794944300351311,91.59767441860465,,,,,
396,-0.08323742320092462,-0.08323742320092462,-0.08323742320092462,(),(),-4.794944300351311,-4.794944300351311,92.85511627906976,,,,,
397,-0.08323742320092462,-0.08323742320092462,-0.08323742320092462,(),(),-4.794944300351311,-4.794944300351311,71.21169435215945,,,,,
398,-0.08323742320092462,-0.08323742320092462,-0.08323742320092462,(),(),-4.794944300351311,-4.794944300351311,72.17448504983389,,,,,
399,-0.08323742320092462,-0.08323742320092462,-0.08323742320092462,(),(),-4.794944300351311,-4.794944300351311,73.18405315614618,,,,,
400,-0.08323742320092462,-0.08323742320092462,-0.08323742320092462,(),(),-4.794944300351311,-4.794944300351311,74.19940199335547,,,,,
401,-0.08323742320092462,-0.08323742320092462,-0.08323742320092462,(),(),-4.794944300351311,-4.794944300351311,75.28581395348837,,,,,
402,-0.08323742320092462,-0.08323742320092462,-0.08323742320092462,(),(),-4.794944300351311,-4.794944300351311,76.31338870431894,,,,,
403,-0.08323742320092462,-0.08323742320092462,-0.08323742320092462,(),(),-4.794944300351311,-4.794944300351311,77.26079734219272,,,,,
404,-0.08323742320092462,-0.08323742320092462,-0.08323742320092462,(),(),-4.794944300351311,-4.794944300351311,78.36056478405315,,,,,
405,-0.08323742320092462,-0.08323742320092462,-0.08323742320092462,(),(),-4.794944300351311,-4.794944300351311,79.39176079734219,,,,,
406,-0.08323742320092462,-0.08323742320092462,-0.08323742320092462,(),(),-4.794944300351311,-4.794944300351311,80.42634551495014,,,,,
407,-0.08323742320092462,-0.08323742320092462,-0.08323742320092462,(),(),-4.794944300351311,-4.794944300351311,81.46601328903655,,,,,
408,-0.08323742320092462,-0.08323742320092462,-0.08323742320092462,(),(),-4.794944300351311,-4.794944300351311,82.56956810631229,,,,,
409,-0.08323742320092462,-0.08323742320092462,-0.08323742320092462,(),(),-4.794944300351311,-4.794944300351311,83.61249169435214,,,,,
410,-0.08323742320092462,-0.08323742320092462,-0.08323742320092462,(),(),-4.794944300351311,-4.794944300351311,84.6434219269103,,,,,
411,-0.08323742320092462,-0.08323742320092462,-0.08323742320092462,(),(),-4.794944300351311,-4.794944300351311,85.69212624584716,,,,,
412,-0.08323742320092462,-0.08323742320092462,-0.08323742320092462,(),(),-4.794944300351311,-4.794944300351311,86.8993023255814,,,,,
413,-0.08323742320092462,-0.08323742320092462,-0.08323742320092462,(),(),-4.794944300351311,-4.794944300351311,87.71189368770764,,,,,
414,-0.08323742320092462,-0.08323742320092462,-0.08323742320092462,(),(),-4.794944300351311,-4.794944300351311,88.876146179402,,,,,
415,-0.08323742320092462,-0.08323742320092462,-0.08323742320092462,(),(),-4.794944300351311,-4.794944300351311,90.00405315614617,,,,,
416,-0.08323742320092462,-0.08323742320092462,-0.08323742320092462,(),(),-4.794944300351311,-4.794944300351311,91.11431893687707,,,,,
417,-0.08323742320092462,-0.08323742320092462,-0.08323742320092462,(),(),-4.794944300351311,-4.794944300351311,92.17102990033224,,,,,
418,-0.08323742320092462,-0.08323742320092462,-0.08323742320092462,(),(),-4.794944300351311,-4.794944300351311,93.22102990033224,,,,,
419,-0.08323742320092462,-0.08323742320092462,-0.08323742320092462,(),(),-4.794944300351311,-4.794944300351311,94.35863787375416,,,,,
420,-0.08323742320092462,-0.08323742320092462,-0.08323742320092462,(),(),-4.794944300351311,-4.794944300351311,95.49843853820599,,,,,
421,-0.08323742320092462,-0.08323742320092462,-0.08323742320092462,(),(),-4.794944300351311,-4.794944300351311,96.58963455149501,,,,,
422,-0.08323742320092462,-0.08323742320092462,-0.08323742320092462,(),(),-4.794944300351311,-4.794944300351311,97.67661129568104,,,,,
423,-0.08323742320092462,-0.08323742320092462,-0.08323742320092462,(),(),-4.794944300351311,-4.794944300351311,98.7837873754153,,,,,
424,-0.08323742320092462,-0.08323742320092462,-0.08323742320092462,(),(),-4.794944300351311,-4.794944300351311,99.94661129568107,,,,,
425,-0.08323742320092462,-0.08323742320092462,-0.08323742320092462,(),(),-4.794944300351311,-4.794944300351311,100.90159468438539,,,,,
426,-0.08323742320092462,-0.08323742320092462,-0.08323742320092462,(),(),-4.794944300351311,-4.794944300351311,102.15877076411961,,,,,
427,-0.08323742320092462,-0.08323742320092462,-0.08323742320092462,(),(),-4.794944300351311,-4.794944300351311,103.10670807453415,,,,,
428,-0.08323742320092462,-0.08323742320092462,-0.08323742320092462,(),(),-4.794944300351311,-4.794944300351311,32.15906976744186,,,,,
429,-0.08323742320092462,-0.08323742320092462,-0.08323742320092462,(),(),-4.794944300351311,-4.794944300351311,24.770000000000014,,,,,
430,-0.08323742320092462,-0.08323742320092462,-0.08323742320092462,(),(),-4.794944300351311,-4.794944300351311,24.310232558139536,,,,,
431,-0.08323742320092462,-0.08323742320092462,-0.08323742320092462,(),(),-4.794944300351311,-4.794944300351311,23.600963455149508,,,,,
432,-0.08323742320092462,-0.08323742320092462,-0.08323742320092462,(),(),-4.794944300351311,-4.794944300351311,23.51235880398671,,,,,
433,-0.08323742320092462,-0.08323742320092462,-0.08323742320092462,(),(),-4.794944300351311,-4.794944300351311,24.789202657807312,,,,,
434,0.00028530121459131744,0.00028530121459131744,0.00028530121459131744,(),(),0.015896459834739664,0.015896459834739664,23.429999999999993,,,,,
435,-0.08323742320092462,-0.08323742320092462,-0.08323742320092462,(),(),-4.794944300351311,-4.794944300351311,23.45774086378738,,,,,
436,-0.08559036437739521,-0.08559036437739521,-0.08559036437739521,(),(),-4.7689379504219,-4.7689379504219,25.933569110966907,,,0.0,0.0,()
437,-0.08559036437739521,-0.08559036437739521,-0.08559036437739521,(),(),-4.7689379504219,-4.7689379504219,25.93033468135546,,,0.0,0.0,()
438,-0.08323742320092462,-0.08323742320092462,-0.08323742320092462,(),(),-4.794944300351311,-4.794944300351311,23.93767441860465,,,,,
439,-0.08323742320092462,-0.08323742320092462,-0.08323742320092462,(),(),-4.794944300351311,-4.794944300351311,23.566312292358806,,,,,
440,0.00028530121459131744,0.00028530121459131744,0.00028530121459131744,(),(),0.015896459834739664,0.015896459834739664,23.610000000000003,,,,,
441,-0.08559036437739521,-0.08559036437739521,-0.08559036437739521,(),(),-4.7689379504219,-4.7689379504219,25.89999999999999,,,0.0,0.0,()
442,-0.08559036437739521,-0.08559036437739521,-0.08559036437739521,(),(),-4.7689379504219,-4.7689379504219,25.89999999999999,,,0.0,0.0,()
443,-0.08559036437739521,-0.08559036437739521,-0.08559036437739521,(),(),-4.7689379504219,-4.7689379504219,25.89999999999999,,,0.0,0.0,()
444,-0.22309391284952448,-0.22309391284952448,-0.22309391284952448,(),(),-12.774056758262319,-12.774056758262319,25.89999999999999,,,-1.0,-1.0,()
447,-0.1938284972727457,-0.1938284972727457,-0.1938284972727457,(),(),-11.192537759141295,-11.192537759141295,25.9,,,0.0,0.0,()
448,-0.1938284972727457,-0.1938284972727457,-0.1938284972727457,(),(),-11.192537759141295,-11.192537759141295,25.900000000000002,,,0.0,0.0,()
449,-0.1938284972727457,-0.1938284972727457,-0.1938284972727457,(),(),-11.192537759141295,-11.192537759141295,25.89999999999999,,,0.0,0.0,()
450,-0.22309391284952448,-0.22309391284952448,-0.22309391284952448,(),(),-12.774056758262319,-12.774056758262319,25.89999999999999,,,-1.0,-1.0,()
451,-0.22309391284952448,-0.22309391284952448,-0.22309391284952448,(),(),-12.774056758262319,-12.774056758262319,25.89999999999999,,,1.0,1.0,()
452,-0.22309391284952448,-0.22309391284952448,-0.22309391284952448,(),(),-12.774056758262319,-12.774056758262319,25.89999999999999,,,1.0,1.0,()
453,-0.08559036437739521,-0.08559036437739521,-0.08559036437739521,(),(),-4.7689379504219,-4.7689379504219,25.89999999999999,,,-5.65,-5.65,()
454,-0.08559036437739521,-0.08559036437739521,-0.08559036437739521,(),(),-4.7689379504219,-4.7689379504219,25.9,,,,,
455,-0.08559036437739521,-0.08559036437739521,-0.08559036437739521,(),(),-4.7689379504219,-4.7689379504219,25.899999999999995,,,0.0,0.0,()
457,-0.08559036437739521,-0.08559036437739521,-0.08559036437739521,(),(),-4.7689379504219,-4.7689379504219,25.89999999999999,,,-50.0,-50.0,()
458,-0.08559036437739521,-0.08559036437739521,-0.08559036437739521,(),(),-4.7689379504219,-4.7689379504219,25.89999999999999,,,20.0,20.0,()
459,-0.22309391284952448,-0.22309391284952448,-0.22309391284952448,(),(),-12.774056758262319,-12.774056758262319,25.89999999999999,,,-1.0,-1.0,()
460,-0.08559036437739521,-0.08559036437739521,-0.08559036437739521,(),(),-4.7689379504219,-4.7689379504219,25.89999999999999,,,0.0,0.0,()
461,-0.08559036437739521,-0.08559036437739521,-0.08559036437739521,(),(),-4.7689379504219,-4.7689379504219,25.971200000000003,,,0.0,0.0,()
462,-0.08559036437739521,-0.08559036437739521,-0.08559036437739521,(),(),-4.7689379504219,-4.7689379504219,25.969053571428574,,,0.0,0.0,()
463,-0.08559036437739521,-0.08559036437739521,-0.08559036437739521,(),(),-4.7689379504219,-4.7689379504219,25.952079207920796,,,,,
464,-0.08559036437739521,-0.08559036437739521,-0.08559036437739521,(),(),-4.7689379504219,-4.7689379504219,25.989306930693065,,,,,
465,-0.08559036437739521,-0.08559036437739521,-0.08559036437739521,(),(),-4.7689379504219,-4.7689379504219,25.963931111421005,,,0.0,0.0,()
466,-0.001176470588235294,-0.001176470588235294,-0.001176470588235294,(),(),0.013003174964705882,0.013003174964705882,25.950000000000003,,,0.006,0.006,()
467,-0.001176470588235294,-0.001176470588235294,-0.001176470588235294,(),(),0.013003174964705882,0.013003174964705882,25.950000000000003,,,0.006,0.006,()
468,-0.4757683962933675,-0.48947442058519375,-0.46206237200154116,"(100,)","(100,)",-4.876883128321772,-4.417867914452185,26.003939007092207,,,0.006,0.013,"(141,)"
469,-0.3572287114448811,-0.3600704192902834,-0.35438700359947894,"(101,)","(101,)",-3.8773657494584017,-3.720431021068597,26.005626711607334,,,0.006,0.013,"(141,)"
470,-0.4171181751625553,-0.4218543549048922,-0.41238199542021825,"(101,)","(101,)",-4.370356388248434,-4.10879850759876,25.96307422667733,,,0.005,0.013,"(161,)"
471,-0.4770076388802293,-0.4817438186225662,-0.47227145913789237,"(101,)","(101,)",-4.811035450908531,-4.549477570258857,25.937778119426852,,,0.005,0.013,"(161,)"
472,-0.5359498666494361,-0.5416332823402403,-0.5302664509586317,"(101,)","(101,)",-5.251714513568627,-4.937845056789019,25.945734579669146,,,0.005,0.013,"(161,)"
473,-0.5929976225217078,-0.5977338022640448,-0.5882614427793708,"(101,)","(101,)",-5.587770423968857,-5.32621254331918,25.993165241990035,,,0.005,0.013,"(161,)"
474,-0.4770076388802293,-0.4817438186225662,-0.47227145913789237,"(101,)","(101,)",-4.811035450908531,-4.549477570258857,23.40613861386139,,,,,
475,-0.4770076388802293,-0.4817438186225662,-0.47227145913789237,"(101,)","(101,)",-4.811035450908531,-4.549477570258857,23.420891089108903,,,,,
476,-0.4770076388802293,-0.4817438186225662,-0.47227145913789237,"(101,)","(101,)",-4.811035450908531,-4.549477570258857,23.45673267326732,,,,,
477,-0.4770076388802293,-0.4817438186225662,-0.47227145913789237,"(101,)","(101,)",-4.811035450908531,-4.549477570258857,23.57039603960396,,,,,
478,-0.4770076388802293,-0.4817438186225662,-0.47227145913789237,"(101,)","(101,)",-4.811035450908531,-4.549477570258857,23.983663366336636,,,,,
479,-0.4770076388802293,-0.4817438186225662,-0.47227145913789237,"(101,)","(101,)",-4.811035450908531,-4.549477570258857,24.88039603960397,,,,,
480,-0.4770076388802293,-0.4817438186225662,-0.47227145913789237,"(101,)","(101,)",-4.811035450908531,-4.549477570258857,26.75544554455445,,,,,
481,-0.4770076388802293,-0.4817438186225662,-0.47227145913789237,"(101,)","(101,)",-4.811035450908531,-4.549477570258857,28.864752475247517,,,,,
482,-0.4770076388802293,-0.4817438186225662,-0.47227145913789237,"(101,)","(101,)",-4.811035450908531,-4.549477570258857,30.77811881188119,,,,,
483,-0.4770076388802293,-0.4817438186225662,-0.47227145913789237,"(101,)","(101,)",-4.811035450908531,-4.549477570258857,32.51128712871287,,,,,
484,-0.4770076388802293,-0.4817438186225662,-0.47227145913789237,"(101,)","(101,)",-4.811035450908531,-4.549477570258857,34.3039603960396,,,,,
485,-0.4770076388802293,-0.4817438186225662,-0.47227145913789237,"(101,)","(101,)",-4.811035450908531,-4.549477570258857,36.03623762376238,,,,,
486,-0.4770076388802293,-0.4817438186225662,-0.47227145913789237,"(101,)","(101,)",-4.811035450908531,-4.549477570258857,37.50217821782177,,,,,
487,-0.4770076388802293,-0.4817438186225662,-0.47227145913789237,"(101,)","(101,)",-4.811035450908531,-4.549477570258857,38.70158415841584,,,,,
488,-0.4770076388802293,-0.4817438186225662,-0.47227145913789237,"(101,)","(101,)",-4.811035450908531,-4.549477570258857,39.88217821782179,,,,,
489,-0.4770076388802293,-0.4817438186225662,-0.47227145913789237,"(101,)","(101,)",-4.811035450908531,-4.549477570258857,40.98000000000002,,,,,
490,-0.4770076388802293,-0.4817438186225662,-0.47227145913789237,"(101,)","(101,)",-4.811035450908531,-4.549477570258857,42.08000000000001,,,,,
491,-0.4770076388802293,-0.4817438186225662,-0.47227145913789237,"(101,)","(101,)",-4.811035450908531,-4.549477570258857,43.249999999999986,,,,,
492,-0.4770076388802293,-0.4817438186225662,-0.47227145913789237,"(101,)","(101,)",-4.811035450908531,-4.549477570258857,44.32000000000001,,,,,
493,-0.4770076388802293,-0.4817438186225662,-0.47227145913789237,"(101,)","(101,)",-4.811035450908531,-4.549477570258857,45.41000000000002,,,,,
494,-0.4770076388802293,-0.4817438186225662,-0.47227145913789237,"(101,)","(101,)",-4.811035450908531,-4.549477570258857,46.509999999999984,,,,,
495,-0.4770076388802293,-0.4817438186225662,-0.47227145913789237,"(101,)","(101,)",-4.811035450908531,-4.549477570258857,47.62999999999999,,,,,
496,-0.4770076388802293,-0.4817438186225662,-0.47227145913789237,"(101,)","(101,)",-4.811035450908531,-4.549477570258857,48.73999999999998,,,,,
497,-0.4770076388802293,-0.4817438186225662,-0.47227145913789237,"(101,)","(101,)",-4.811035450908531,-4.549477570258857,49.9,,,,,
498,-0.4770076388802293,-0.4817438186225662,-0.47227145913789237,"(101,)","(101,)",-4.811035450908531,-4.549477570258857,50.959999999999994,,,,,
499,-0.4770076388802293,-0.4817438186225662,-0.47227145913789237,"(101,)","(101,)",-4.811035450908531,-4.549477570258857,52.27999999999999,,,,,
500,-0.4770076388802293,-0.4817438186225662,-0.47227145913789237,"(101,)","(101,)",-4.811035450908531,-4.549477570258857,53.44000000000001,,,,,
501,-0.4770076388802293,-0.4817438186225662,-0.47227145913789237,"(101,)","(101,)",-4.811035450908531,-4.549477570258857,54.62,,,,,
502,-0.4770076388802293,-0.4817438186225662,-0.47227145913789237,"(101,)","(101,)",-4.811035450908531,-4.549477570258857,55.9,,,,,
503,-0.4770076388802293,-0.4817438186225662,-0.47227145913789237,"(101,)","(101,)",-4.811035450908531,-4.549477570258857,57.12,,,,,
504,-0.4770076388802293,-0.4817438186225662,-0.47227145913789237,"(101,)","(101,)",-4.811035450908531,-4.549477570258857,58.38999999999999,,,,,
505,-0.4770076388802293,-0.4817438186225662,-0.47227145913789237,"(101,)","(101,)",-4.811035450908531,-4.549477570258857,59.52000000000001,,,,,
506,-0.4770076388802293,-0.4817438186225662,-0.47227145913789237,"(101,)","(101,)",-4.811035450908531,-4.549477570258857,60.76999999999999,,,,,
507,-0.4770076388802293,-0.4817438186225662,-0.47227145913789237,"(101,)","(101,)",-4.811035450908531,-4.549477570258857,61.93000000000002,,,,,
508,-0.4770076388802293,-0.4817438186225662,-0.47227145913789237,"(101,)","(101,)",-4.811035450908531,-4.549477570258857,63.11999999999997,,,,,
509,-0.4770076388802293,-0.4817438186225662,-0.47227145913789237,"(101,)","(101,)",-4.811035450908531,-4.549477570258857,64.35999999999997,,,,,
510,-0.4770076388802293,-0.4817438186225662,-0.47227145913789237,"(101,)","(101,)",-4.811035450908531,-4.549477570258857,65.57999999999997,,,,,
511,-0.4770076388802293,-0.4817438186225662,-0.47227145913789237,"(101,)","(101,)",-4.811035450908531,-4.549477570258857,66.9,,,,,
512,-0.4770076388802293,-0.4817438186225662,-0.47227145913789237,"(101,)","(101,)",-4.811035450908531,-4.549477570258857,68.15000000000002,,,,,
513,-0.4770076388802293,-0.4817438186225662,-0.47227145913789237,"(101,)","(101,)",-4.811035450908531,-4.549477570258857,69.41,,,,,
514,-0.4770076388802293,-0.4817438186225662,-0.47227145913789237,"(101,)","(101,)",-4.811035450908531,-4.549477570258857,70.65999999999998,,,,,
515,-0.4770076388802293,-0.4817438186225662,-0.47227145913789237,"(101,)","(101,)",-4.811035450908531,-4.549477570258857,71.92000000000002,,,,,
516,-0.4770076388802293,-0.4817438186225662,-0.47227145913789237,"(101,)","(101,)",-4.811035450908531,-4.549477570258857,73.25,,,,,
517,-0.4770076388802293,-0.4817438186225662,-0.47227145913789237,"(101,)","(101,)",-4.811035450908531,-4.549477570258857,74.55000000000003,,,,,
518,-0.4770076388802293,-0.4817438186225662,-0.47227145913789237,"(101,)","(101,)",-4.811035450908531,-4.549477570258857,75.81039603960397,,,,,
519,-0.4770076388802293,-0.4817438186225662,-0.47227145913789237,"(101,)","(101,)",-4.811035450908531,-4.549477570258857,77.21445544554453,,,,,
520,-0.4770076388802293,-0.4817438186225662,-0.47227145913789237,"(101,)","(101,)",-4.811035450908531,-4.549477570258857,78.30257425742573,,,,,
521,-0.4770076388802293,-0.4817438186225662,-0.47227145913789237,"(101,)","(101,)",-4.811035450908531,-4.549477570258857,80.61980198019803,,,,,
522,-0.4770076388802293,-0.4817438186225662,-0.47227145913789237,"(101,)","(101,)",-4.811035450908531,-4.549477570258857,83.2923762376238,,,,,
523,-0.4770076388802293,-0.4817438186225662,-0.47227145913789237,"(101,)","(101,)",-4.811035450908531,-4.549477570258857,85.8262376237624,,,,,
524,-0.4770076388802293,-0.4817438186225662,-0.47227145913789237,"(101,)","(101,)",-4.811035450908531,-4.549477570258857,88.33039603960401,,,,,
525,-0.4770076388802293,-0.4817438186225662,-0.47227145913789237,"(101,)","(101,)",-4.811035450908531,-4.549477570258857,90.81485148514852,,,,,
526,-0.4770076388802293,-0.4817438186225662,-0.47227145913789237,"(101,)","(101,)",-4.811035450908531,-4.549477570258857,93.62445544554454,,,,,
527,-0.4770076388802293,-0.4817438186225662,-0.47227145913789237,"(101,)","(101,)",-4.811035450908531,-4.549477570258857,96.27227722772277,,,,,
528,-0.4770076388802293,-0.4817438186225662,-0.47227145913789237,"(101,)","(101,)",-4.811035450908531,-4.549477570258857,99.0352475247525,,,,,
529,-0.4770076388802293,-0.4817438186225662,-0.47227145913789237,"(101,)","(101,)",-4.811035450908531,-4.549477570258857,102.0372277227723,,,,,
530,-0.4770076388802293,-0.4817438186225662,-0.47227145913789237,"(101,)","(101,)",-4.811035450908531,-4.549477570258857,104.5972277227723,,,,,
531,-0.4770076388802293,-0.4817438186225662,-0.47227145913789237,"(101,)","(101,)",-4.811035450908531,-4.549477570258857,107.53980198019802,,,,,
532,-0.4770076388802293,-0.4817438186225662,-0.47227145913789237,"(101,)","(101,)",-4.811035450908531,-4.549477570258857,110.48059405940597,,,,,
533,-0.4770076388802293,-0.4817438186225662,-0.47227145913789237,"(101,)","(101,)",-4.811035450908531,-4.549477570258857,113.1166336633663,,,,,
534,-0.4770076388802293,-0.4817438186225662,-0.47227145913789237,"(101,)","(101,)",-4.811035450908531,-4.549477570258857,116.17811881188116,,,,,
535,-0.4770076388802293,-0.4817438186225662,-0.47227145913789237,"(101,)","(101,)",-4.811035450908531,-4.549477570258857,118.88930693069314,,,,,
536,-0.4770076388802293,-0.4817438186225662,-0.47227145913789237,"(101,)","(101,)",-4.811035450908531,-4.549477570258857,122.07762376237622,,,,,
537,-0.4770076388802293,-0.4817438186225662,-0.47227145913789237,"(101,)","(101,)",-4.811035450908531,-4.549477570258857,23.51336633663366,,,,,
538,-0.4770076388802293,-0.4817438186225662,-0.47227145913789237,"(101,)","(101,)",-4.811035450908531,-4.549477570258857,23.502376237623757,,,,,
539,-0.4770076388802293,-0.4817438186225662,-0.47227145913789237,"(101,)","(101,)",-4.811035450908531,-4.549477570258857,23.5341584158416,,,,,
540,-0.4770076388802293,-0.4817438186225662,-0.47227145913789237,"(101,)","(101,)",-4.811035450908531,-4.549477570258857,23.6949504950495,,,,,
541,-0.4770076388802293,-0.4817438186225662,-0.47227145913789237,"(101,)","(101,)",-4.811035450908531,-4.549477570258857,24.08188118811881,,,,,
542,-0.4770076388802293,-0.4817438186225662,-0.47227145913789237,"(101,)","(101,)",-4.811035450908531,-4.549477570258857,25.05257425742575,,,,,
543,-0.4770076388802293,-0.4817438186225662,-0.47227145913789237,"(101,)","(101,)",-4.811035450908531,-4.549477570258857,26.79594059405941,,,,,
544,-0.4770076388802293,-0.4817438186225662,-0.47227145913789237,"(101,)","(101,)",-4.811035450908531,-4.549477570258857,28.966930693069298,,,,,
545,-0.4770076388802293,-0.4817438186225662,-0.47227145913789237,"(101,)","(101,)",-4.811035450908531,-4.549477570258857,30.823366336633676,,,,,
546,-0.4770076388802293,-0.4817438186225662,-0.47227145913789237,"(101,)","(101,)",-4.811035450908531,-4.549477570258857,32.65722772277228,,,,,
547,-0.4770076388802293,-0.4817438186225662,-0.47227145913789237,"(101,)","(101,)",-4.811035450908531,-4.549477570258857,34.4679207920792,,,,,
548,-0.4770076388802293,-0.4817438186225662,-0.47227145913789237,"(101,)","(101,)",-4.811035450908531,-4.549477570258857,36.166732673267326,,,,,
549,-0.4770076388802293,-0.4817438186225662,-0.47227145913789237,"(101,)","(101,)",-4.811035450908531,-4.549477570258857,37.66435643564357,,,,,
550,-0.4770076388802293,-0.4817438186225662,-0.47227145913789237,"(101,)","(101,)",-4.811035450908531,-4.549477570258857,38.89603960396041,,,,,
551,-0.4770076388802293,-0.4817438186225662,-0.47227145913789237,"(101,)","(101,)",-4.811035450908531,-4.549477570258857,40.061485148514855,,,,,
552,-0.4770076388802293,-0.4817438186225662,-0.47227145913789237,"(101,)","(101,)",-4.811035450908531,-4.549477570258857,41.196831683168305,,,,,
553,-0.4770076388802293,-0.4817438186225662,-0.47227145913789237,"(101,)","(101,)",-4.811035450908531,-4.549477570258857,42.287128712871294,,,,,
554,-0.4770076388802293,-0.4817438186225662,-0.47227145913789237,"(101,)","(101,)",-4.811035450908531,-4.549477570258857,43.43544554455443,,,,,
555,-0.4770076388802293,-0.4817438186225662,-0.47227145913789237,"(101,)","(101,)",-4.811035450908531,-4.549477570258857,44.46910891089108,,,,,
556,-0.4770076388802293,-0.4817438186225662,-0.47227145913789237,"(101,)","(101,)",-4.811035450908531,-4.549477570258857,45.60089108910892,,,,,
557,-0.4770076388802293,-0.4817438186225662,-0.47227145913789237,"(101,)","(101,)",-4.811035450908531,-4.549477570258857,46.53851485148513,,,,,
558,-0.4770076388802293,-0.4817438186225662,-0.47227145913789237,"(101,)","(101,)",-4.811035450908531,-4.549477570258857,47.67673267326734,,,,,
559,-0.4770076388802293,-0.4817438186225662,-0.47227145913789237,"(101,)","(101,)",-4.811035450908531,-4.549477570258857,48.75960396039606,,,,,
560,-0.4770076388802293,-0.4817438186225662,-0.47227145913789237,"(101,)","(101,)",-4.811035450908531,-4.549477570258857,49.97574257425742,,,,,
561,-0.4770076388802293,-0.4817438186225662,-0.47227145913789237,"(101,)","(101,)",-4.811035450908531,-4.549477570258857,51.10138613861386,,,,,
562,-0.4770076388802293,-0.4817438186225662,-0.47227145913789237,"(101,)","(101,)",-4.811035450908531,-4.549477570258857,52.149405940594065,,,,,
563,-0.4770076388802293,-0.4817438186225662,-0.47227145913789237,"(101,)","(101,)",-4.811035450908531,-4.549477570258857,53.36158415841584,,,,,
564,-0.4770076388802293,-0.4817438186225662,-0.47227145913789237,"(101,)","(101,)",-4.811035450908531,-4.549477570258857,54.558613861386135,,,,,
565,-0.4770076388802293,-0.4817438186225662,-0.47227145913789237,"(101,)","(101,)",-4.811035450908531,-4.549477570258857,55.87940594059403,,,,,
566,-0.4770076388802293,-0.4817438186225662,-0.47227145913789237,"(101,)","(101,)",-4.811035450908531,-4.549477570258857,57.09188118811881,,,,,
567,-0.4770076388802293,-0.4817438186225662,-0.47227145913789237,"(101,)","(101,)",-4.811035450908531,-4.549477570258857,58.23,,,,,
568,-0.4770076388802293,-0.4817438186225662,-0.47227145913789237,"(101,)","(101,)",-4.811035450908531,-4.549477570258857,59.510000000000005,,,,,
569,-0.4770076388802293,-0.4817438186225662,-0.47227145913789237,"(101,)","(101,)",-4.811035450908531,-4.549477570258857,60.81999999999998,,,,,
570,-0.4770076388802293,-0.4817438186225662,-0.47227145913789237,"(101,)","(101,)",-4.811035450908531,-4.549477570258857,61.83,,,,,
571,-0.4770076388802293,-0.4817438186225662,-0.47227145913789237,"(101,)","(101,)",-4.811035450908531,-4.549477570258857,63.062475247524745,,,,,
572,-0.4770076388802293,-0.4817438186225662,-0.47227145913789237,"(101,)","(101,)",-4.811035450908531,-4.549477570258857,64.30999999999997,,,,,
573,-0.4770076388802293,-0.4817438186225662,-0.47227145913789237,"(101,)","(101,)",-4.811035450908531,-4.549477570258857,65.55999999999996,,,,,
574,-0.4770076388802293,-0.4817438186225662,-0.47227145913789237,"(101,)","(101,)",-4.811035450908531,-4.549477570258857,66.86999999999999,,,,,
575,-0.4770076388802293,-0.4817438186225662,-0.47227145913789237,"(101,)","(101,)",-4.811035450908531,-4.549477570258857,68.08000000000003,,,,,
576,-0.4770076388802293,-0.4817438186225662,-0.47227145913789237,"(101,)","(101,)",-4.811035450908531,-4.549477570258857,69.42000000000002,,,,,
577,-0.4770076388802293,-0.4817438186225662,-0.47227145913789237,"(101,)","(101,)",-4.811035450908531,-4.549477570258857,70.69000000000001,,,,,
578,-0.4770076388802293,-0.4817438186225662,-0.47227145913789237,"(101,)","(101,)",-4.811035450908531,-4.549477570258857,71.93999999999998,,,,,
579,-0.4770076388802293,-0.4817438186225662,-0.47227145913789237,"(101,)","(101,)",-4.811035450908531,-4.549477570258857,73.20999999999997,,,,,
580,-0.4770076388802293,-0.4817438186225662,-0.47227145913789237,"(101,)","(101,)",-4.811035450908531,-4.549477570258857,74.53534653465347,,,,,
581,-0.4770076388802293,-0.4817438186225662,-0.47227145913789237,"(101,)","(101,)",-4.811035450908531,-4.549477570258857,75.68663366336636,,,,,
582,-0.4770076388802293,-0.4817438186225662,-0.47227145913789237,"(101,)","(101,)",-4.811035450908531,-4.549477570258857,76.95415841584158,,,,,
583,-0.4770076388802293,-0.4817438186225662,-0.47227145913789237,"(101,)","(101,)",-4.811035450908531,-4.549477570258857,78.24138613861388,,,,,
584,-0.4770076388802293,-0.4817438186225662,-0.47227145913789237,"(101,)","(101,)",-4.811035450908531,-4.549477570258857,80.5790099009901,,,,,
585,-0.4770076388802293,-0.4817438186225662,-0.47227145913789237,"(101,)","(101,)",-4.811035450908531,-4.549477570258857,82.85702970297028,,,,,
586,-0.4770076388802293,-0.4817438186225662,-0.47227145913789237,"(101,)","(101,)",-4.811035450908531,-4.549477570258857,85.50930693069307,,,,,
587,-0.4770076388802293,-0.4817438186225662,-0.47227145913789237,"(101,)","(101,)",-4.811035450908531,-4.549477570258857,87.90198019801981,,,,,
588,-0.4770076388802293,-0.4817438186225662,-0.47227145913789237,"(101,)","(101,)",-4.811035450908531,-4.549477570258857,90.61643564356432,,,,,
589,-0.4770076388802293,-0.4817438186225662,-0.47227145913789237,"(101,)","(101,)",-4.811035450908531,-4.549477570258857,93.47960396039602,,,,,
590,-0.4770076388802293,-0.4817438186225662,-0.47227145913789237,"(101,)","(101,)",-4.811035450908531,-4.549477570258857,96.18772277227724,,,,,
591,-0.4770076388802293,-0.4817438186225662,-0.47227145913789237,"(101,)","(101,)",-4.811035450908531,-4.549477570258857,98.86099009900988,,,,,
592,-0.4770076388802293,-0.4817438186225662,-0.47227145913789237,"(101,)","(101,)",-4.811035450908531,-4.549477570258857,101.54217821782173,,,,,
593,-0.4770076388802293,-0.4817438186225662,-0.47227145913789237,"(101,)","(101,)",-4.811035450908531,-4.549477570258857,104.48277227722768,,,,,
594,-0.4770076388802293,-0.4817438186225662,-0.47227145913789237,"(101,)","(101,)",-4.811035450908531,-4.549477570258857,106.96782178217825,,,,,
595,-0.4770076388802293,-0.4817438186225662,-0.47227145913789237,"(101,)","(101,)",-4.811035450908531,-4.549477570258857,110.37217821782176,,,,,
596,-0.4770076388802293,-0.4817438186225662,-0.47227145913789237,"(101,)","(101,)",-4.811035450908531,-4.549477570258857,112.73782178217819,,,,,
597,-0.4770076388802293,-0.4817438186225662,-0.47227145913789237,"(101,)","(101,)",-4.811035450908531,-4.549477570258857,116.10356435643565,,,,,
598,-0.4770076388802293,-0.4817438186225662,-0.47227145913789237,"(101,)","(101,)",-4.811035450908531,-4.549477570258857,118.25821782178217,,,,,
599,-0.4770076388802293,-0.4817438186225662,-0.47227145913789237,"(101,)","(101,)",-4.811035450908531,-4.549477570258857,122.13000000000002,,,,,
600,-0.4770076388802293,-0.4817438186225662,-0.47227145913789237,"(101,)","(101,)",-4.811035450908531,-4.549477570258857,24.22336633663367,,,,,
601,-0.4770076388802293,-0.4817438186225662,-0.47227145913789237,"(101,)","(101,)",-4.811035450908531,-4.549477570258857,24.00069306930693,,,,,
602,-0.4770076388802293,-0.4817438186225662,-0.47227145913789237,"(101,)","(101,)",-4.811035450908531,-4.549477570258857,23.87,,,,,
603,-0.4770076388802293,-0.4817438186225662,-0.47227145913789237,"(101,)","(101,)",-4.811035450908531,-4.549477570258857,23.87,,,,,
604,-0.4770076388802293,-0.4817438186225662,-0.47227145913789237,"(101,)","(101,)",-4.811035450908531,-4.549477570258857,24.16999999999999,,,,,
605,-0.4770076388802293,-0.4817438186225662,-0.47227145913789237,"(101,)","(101,)",-4.811035450908531,-4.549477570258857,25.070990099009897,,,,,
606,-0.4770076388802293,-0.4817438186225662,-0.47227145913789237,"(101,)","(101,)",-4.811035450908531,-4.549477570258857,27.110000000000003,,,,,
607,-0.4770076388802293,-0.4817438186225662,-0.47227145913789237,"(101,)","(101,)",-4.811035450908531,-4.549477570258857,29.157524752475254,,,,,
608,-0.4770076388802293,-0.4817438186225662,-0.47227145913789237,"(101,)","(101,)",-4.811035450908531,-4.549477570258857,31.210990099009894,,,,,
609,-0.4770076388802293,-0.4817438186225662,-0.47227145913789237,"(101,)","(101,)",-4.811035450908531,-4.549477570258857,32.83445544554457,,,,,
610,-0.4770076388802293,-0.4817438186225662,-0.47227145913789237,"(101,)","(101,)",-4.811035450908531,-4.549477570258857,34.68851485148514,,,,,
611,-0.4770076388802293,-0.4817438186225662,-0.47227145913789237,"(101,)","(101,)",-4.811035450908531,-4.549477570258857,36.328811881188116,,,,,
612,-0.4770076388802293,-0.4817438186225662,-0.47227145913789237,"(101,)","(101,)",-4.811035450908531,-4.549477570258857,37.83188118811881,,,,,
613,-0.4770076388802293,-0.4817438186225662,-0.47227145913789237,"(101,)","(101,)",-4.811035450908531,-4.549477570258857,39.05623762376236,,,,,
614,-0.4770076388802293,-0.4817438186225662,-0.47227145913789237,"(101,)","(101,)",-4.811035450908531,-4.549477570258857,40.186138613861374,,,,,
615,-0.4770076388802293,-0.4817438186225662,-0.47227145913789237,"(101,)","(101,)",-4.811035450908531,-4.549477570258857,41.23504950495051,,,,,
616,-0.4770076388802293,-0.4817438186225662,-0.47227145913789237,"(101,)","(101,)",-4.811035450908531,-4.549477570258857,42.41178217821782,,,,,
617,-0.4770076388802293,-0.4817438186225662,-0.47227145913789237,"(101,)","(101,)",-4.811035450908531,-4.549477570258857,43.458118811881214,,,,,
618,-0.4770076388802293,-0.4817438186225662,-0.47227145913789237,"(101,)","(101,)",-4.811035450908531,-4.549477570258857,44.537524752475264,,,,,
619,-0.4770076388802293,-0.4817438186225662,-0.47227145913789237,"(101,)","(101,)",-4.811035450908531,-4.549477570258857,45.66980198019803,,,,,
620,-0.4770076388802293,-0.4817438186225662,-0.47227145913789237,"(101,)","(101,)",-4.811035450908531,-4.549477570258857,46.66049504950493,,,,,
621,-0.4770076388802293,-0.4817438186225662,-0.47227145913789237,"(101,)","(101,)",-4.811035450908531,-4.549477570258857,47.80950495049507,,,,,
622,-0.4770076388802293,-0.4817438186225662,-0.47227145913789237,"(101,)","(101,)",-4.811035450908531,-4.549477570258857,48.88059405940593,,,,,
623,-0.4770076388802293,-0.4817438186225662,-0.47227145913789237,"(101,)","(101,)",-4.811035450908531,-4.549477570258857,50.040792079207925,,,,,
624,-0.4770076388802293,-0.4817438186225662,-0.47227145913789237,"(101,)","(101,)",-4.811035450908531,-4.549477570258857,51.2578217821782,,,,,
625,-0.4770076388802293,-0.4817438186225662,-0.47227145913789237,"(101,)","(101,)",-4.811035450908531,-4.549477570258857,52.49168316831685,,,,,
626,-0.4770076388802293,-0.4817438186225662,-0.47227145913789237,"(101,)","(101,)",-4.811035450908531,-4.549477570258857,53.43504950495051,,,,,
627,-0.4770076388802293,-0.4817438186225662,-0.47227145913789237,"(101,)","(101,)",-4.811035450908531,-4.549477570258857,54.58910891089108,,,,,
628,-0.4770076388802293,-0.4817438186225662,-0.47227145913789237,"(101,)","(101,)",-4.811035450908531,-4.549477570258857,55.89445544554457,,,,,
629,-0.4770076388802293,-0.4817438186225662,-0.47227145913789237,"(101,)","(101,)",-4.811035450908531,-4.549477570258857,57.08574257425742,,,,,
630,-0.4770076388802293,-0.4817438186225662,-0.47227145913789237,"(101,)","(101,)",-4.811035450908531,-4.549477570258857,58.359702970297064,,,,,
631,-0.4770076388802293,-0.4817438186225662,-0.47227145913789237,"(101,)","(101,)",-4.811035450908531,-4.549477570258857,59.58940594059407,,,,,
632,-0.4770076388802293,-0.4817438186225662,-0.47227145913789237,"(101,)","(101,)",-4.811035450908531,-4.549477570258857,60.796138613861366,,,,,
633,-0.4770076388802293,-0.4817438186225662,-0.47227145913789237,"(101,)","(101,)",-4.811035450908531,-4.549477570258857,61.912970297029695,,,,,
634,-0.4770076388802293,-0.4817438186225662,-0.47227145913789237,"(101,)","(101,)",-4.811035450908531,-4.549477570258857,63.187425742574284,,,,,
635,-0.4770076388802293,-0.4817438186225662,-0.47227145913789237,"(101,)","(101,)",-4.811035450908531,-4.549477570258857,64.39168316831683,,,,,
636,-0.4770076388802293,-0.4817438186225662,-0.47227145913789237,"(101,)","(101,)",-4.811035450908531,-4.549477570258857,65.68257425742576,,,,,
637,-0.4770076388802293,-0.4817438186225662,-0.47227145913789237,"(101,)","(101,)",-4.811035450908531,-4.549477570258857,66.9189108910891,,,,,
638,-0.4770076388802293,-0.4817438186225662,-0.47227145913789237,"(101,)","(101,)",-4.811035450908531,-4.549477570258857,68.01613861386139,,,,,
639,-0.4770076388802293,-0.4817438186225662,-0.47227145913789237,"(101,)","(101,)",-4.811035450908531,-4.549477570258857,69.2190099009901,,,,,
640,-0.4770076388802293,-0.4817438186225662,-0.47227145913789237,"(101,)","(101,)",-4.811035450908531,-4.549477570258857,70.31999999999996,,,,,
641,-0.4770076388802293,-0.4817438186225662,-0.47227145913789237,"(101,)","(101,)",-4.811035450908531,-4.549477570258857,71.71,,,,,
642,-0.4770076388802293,-0.4817438186225662,-0.47227145913789237,"(101,)","(101,)",-4.811035450908531,-4.549477570258857,73.06,,,,,
643,-0.4770076388802293,-0.4817438186225662,-0.47227145913789237,"(101,)","(101,)",-4.811035450908531,-4.549477570258857,74.46693069306932,,,,,
644,-0.4770076388802293,-0.4817438186225662,-0.47227145913789237,"(101,)","(101,)",-4.811035450908531,-4.549477570258857,75.62980198019805,,,,,
645,-0.4770076388802293,-0.4817438186225662,-0.47227145913789237,"(101,)","(101,)",-4.811035450908531,-4.549477570258857,76.95326732673264,,,,,
646,-0.4770076388802293,-0.4817438186225662,-0.47227145913789237,"(101,)","(101,)",-4.811035450908531,-4.549477570258857,78.07049504950493,,,,,
647,-0.4770076388802293,-0.4817438186225662,-0.47227145913789237,"(101,)","(101,)",-4.811035450908531,-4.549477570258857,80.1,,,,,
648,-0.4770076388802293,-0.4817438186225662,-0.47227145913789237,"(101,)","(101,)",-4.811035450908531,-4.549477570258857,82.52722772277227,,,,,
649,-0.4770076388802293,-0.4817438186225662,-0.47227145913789237,"(101,)","(101,)",-4.811035450908531,-4.549477570258857,84.94702970297027,,,,,
650,-0.4770076388802293,-0.4817438186225662,-0.47227145913789237,"(101,)","(101,)",-4.811035450908531,-4.549477570258857,87.73504950495047,,,,,
651,-0.4770076388802293,-0.4817438186225662,-0.47227145913789237,"(101,)","(101,)",-4.811035450908531,-4.549477570258857,90.03752475247525,,,,,
652,-0.4770076388802293,-0.4817438186225662,-0.47227145913789237,"(101,)","(101,)",-4.811035450908531,-4.549477570258857,93.27277227722769,,,,,
653,-0.4770076388802293,-0.4817438186225662,-0.47227145913789237,"(101,)","(101,)",-4.811035450908531,-4.549477570258857,95.53039603960393,,,,,
654,-0.4770076388802293,-0.4817438186225662,-0.47227145913789237,"(101,)","(101,)",-4.811035450908531,-4.549477570258857,98.70059405940597,,,,,
655,-0.4770076388802293,-0.4817438186225662,-0.47227145913789237,"(101,)","(101,)",-4.811035450908531,-4.549477570258857,100.75405940594062,,,,,
656,-0.4770076388802293,-0.4817438186225662,-0.47227145913789237,"(101,)","(101,)",-4.811035450908531,-4.549477570258857,104.41999999999994,,,,,
657,-0.4770076388802293,-0.4817438186225662,-0.47227145913789237,"(101,)","(101,)",-4.811035450908531,-4.549477570258857,106.49000000000002,,,,,
658,-0.4770076388802293,-0.4817438186225662,-0.47227145913789237,"(101,)","(101,)",-4.811035450908531,-4.549477570258857,110.49000000000002,,,,,
659,-0.4770076388802293,-0.4817438186225662,-0.47227145913789237,"(101,)","(101,)",-4.811035450908531,-4.549477570258857,112.38999999999999,,,,,
660,-0.4770076388802293,-0.4817438186225662,-0.47227145913789237,"(101,)","(101,)",-4.811035450908531,-4.549477570258857,116.38999999999996,,,,,
661,-0.4770076388802293,-0.4817438186225662,-0.47227145913789237,"(101,)","(101,)",-4.811035450908531,-4.549477570258857,118.43000000000002,,,,,
662,-0.4770076388802293,-0.4817438186225662,-0.47227145913789237,"(101,)","(101,)",-4.811035450908531,-4.549477570258857,122.55000000000001,,,,,
663,-0.4770076388802293,-0.4817438186225662,-0.47227145913789237,"(101,)","(101,)",-4.811035450908531,-4.549477570258857,24.00069306930693,,,,,
664,-0.4770076388802293,-0.4817438186225662,-0.47227145913789237,"(101,)","(101,)",-4.811035450908531,-4.549477570258857,23.87,,,,,
665,-0.4770076388802293,-0.4817438186225662,-0.47227145913789237,"(101,)","(101,)",-4.811035450908531,-4.549477570258857,23.769999999999996,,,,,
666,-0.4770076388802293,-0.4817438186225662,-0.47227145913789237,"(101,)","(101,)",-4.811035450908531,-4.549477570258857,23.82999999999999,,,,,
667,-0.4770076388802293,-0.4817438186225662,-0.47227145913789237,"(101,)","(101,)",-4.811035450908531,-4.549477570258857,24.13059405940595,,,,,
668,-0.4770076388802293,-0.4817438186225662,-0.47227145913789237,"(101,)","(101,)",-4.811035450908531,-4.549477570258857,25.06118811881187,,,,,
669,-0.4770076388802293,-0.4817438186225662,-0.47227145913789237,"(101,)","(101,)",-4.811035450908531,-4.549477570258857,26.909108910891096,,,,,
670,-0.4770076388802293,-0.4817438186225662,-0.47227145913789237,"(101,)","(101,)",-4.811035450908531,-4.549477570258857,29.182970297029698,,,,,
671,-0.4770076388802293,-0.4817438186225662,-0.47227145913789237,"(101,)","(101,)",-4.811035450908531,-4.549477570258857,31.036633663366338,,,,,
672,-0.4770076388802293,-0.4817438186225662,-0.47227145913789237,"(101,)","(101,)",-4.811035450908531,-4.549477570258857,32.81970297029704,,,,,
673,-0.4770076388802293,-0.4817438186225662,-0.47227145913789237,"(101,)","(101,)",-4.811035450908531,-4.549477570258857,34.614158415841594,,,,,
674,-0.4770076388802293,-0.4817438186225662,-0.47227145913789237,"(101,)","(101,)",-4.811035450908531,-4.549477570258857,36.314158415841575,,,,,
675,-0.4770076388802293,-0.4817438186225662,-0.47227145913789237,"(101,)","(101,)",-4.811035450908531,-4.549477570258857,37.77227722772277,,,,,
676,-0.4770076388802293,-0.4817438186225662,-0.47227145913789237,"(101,)","(101,)",-4.811035450908531,-4.549477570258857,39.0178217821782,,,,,
677,-0.4770076388802293,-0.4817438186225662,-0.47227145913789237,"(101,)","(101,)",-4.811035450908531,-4.549477570258857,40.06613861386138,,,,,
678,-0.4770076388802293,-0.4817438186225662,-0.47227145913789237,"(101,)","(101,)",-4.811035450908531,-4.549477570258857,41.20871287128711,,,,,
679,-0.4770076388802293,-0.4817438186225662,-0.47227145913789237,"(101,)","(101,)",-4.811035450908531,-4.549477570258857,42.30524752475245,,,,,
680,-0.4770076388802293,-0.4817438186225662,-0.47227145913789237,"(101,)","(101,)",-4.811035450908531,-4.549477570258857,43.44207920792079,,,,,
681,-0.4770076388802293,-0.4817438186225662,-0.47227145913789237,"(101,)","(101,)",-4.811035450908531,-4.549477570258857,44.48792079207922,,,,,
682,-0.4770076388802293,-0.4817438186225662,-0.47227145913789237,"(101,)","(101,)",-4.811035450908531,-4.549477570258857,45.51742574257425,,,,,
683,-0.4770076388802293,-0.4817438186225662,-0.47227145913789237,"(101,)","(101,)",-4.811035450908531,-4.549477570258857,46.57069306930693,,,,,
684,-0.4770076388802293,-0.4817438186225662,-0.47227145913789237,"(101,)","(101,)",-4.811035450908531,-4.549477570258857,47.77495049504951,,,,,
685,-0.4770076388802293,-0.4817438186225662,-0.47227145913789237,"(101,)","(101,)",-4.811035450908531,-4.549477570258857,48.90792079207921,,,,,
686,-0.4770076388802293,-0.4817438186225662,-0.47227145913789237,"(101,)","(101,)",-4.811035450908531,-4.549477570258857,50.084554455445534,,,,,
687,-0.4770076388802293,-0.4817438186225662,-0.47227145913789237,"(101,)","(101,)",-4.811035450908531,-4.549477570258857,51.27336633663365,,,,,
688,-0.4770076388802293,-0.4817438186225662,-0.47227145913789237,"(101,)","(101,)",-4.811035450908531,-4.549477570258857,52.4589108910891,,,,,
689,-0.4770076388802293,-0.4817438186225662,-0.47227145913789237,"(101,)","(101,)",-4.811035450908531,-4.549477570258857,53.67079207920792,,,,,
690,-0.4770076388802293,-0.4817438186225662,-0.47227145913789237,"(101,)","(101,)",-4.811035450908531,-4.549477570258857,54.83811881188119,,,,,
691,-0.4770076388802293,-0.4817438186225662,-0.47227145913789237,"(101,)","(101,)",-4.811035450908531,-4.549477570258857,55.93633663366338,,,,,
692,-0.4770076388802293,-0.4817438186225662,-0.47227145913789237,"(101,)","(101,)",-4.811035450908531,-4.549477570258857,57.18247524752475,,,,,
693,-0.4770076388802293,-0.4817438186225662,-0.47227145913789237,"(101,)","(101,)",-4.811035450908531,-4.549477570258857,58.37366336633664,,,,,
694,-0.4770076388802293,-0.4817438186225662,-0.47227145913789237,"(101,)","(101,)",-4.811035450908531,-4.549477570258857,59.60742574257424,,,,,
695,-0.4770076388802293,-0.4817438186225662,-0.47227145913789237,"(101,)","(101,)",-4.811035450908531,-4.549477570258857,60.665445544554466,,,,,
696,-0.4770076388802293,-0.4817438186225662,-0.47227145913789237,"(101,)","(101,)",-4.811035450908531,-4.549477570258857,61.71435643564354,,,,,
697,-0.4770076388802293,-0.4817438186225662,-0.47227145913789237,"(101,)","(101,)",-4.811035450908531,-4.549477570258857,62.86,,,,,
698,-0.4770076388802293,-0.4817438186225662,-0.47227145913789237,"(101,)","(101,)",-4.811035450908531,-4.549477570258857,64.19999999999999,,,,,
699,-0.4770076388802293,-0.4817438186225662,-0.47227145913789237,"(101,)","(101,)",-4.811035450908531,-4.549477570258857,65.55,,,,,
700,-0.4770076388802293,-0.4817438186225662,-0.47227145913789237,"(101,)","(101,)",-4.811035450908531,-4.549477570258857,66.80168316831683,,,,,
701,-0.4770076388802293,-0.4817438186225662,-0.47227145913789237,"(101,)","(101,)",-4.811035450908531,-4.549477570258857,68.0969306930693,,,,,
702,-0.4770076388802293,-0.4817438186225662,-0.47227145913789237,"(101,)","(101,)",-4.811035450908531,-4.549477570258857,69.37554455445543,,,,,
703,-0.4770076388802293,-0.4817438186225662,-0.47227145913789237,"(101,)","(101,)",-4.811035450908531,-4.549477570258857,70.56633663366335,,,,,
704,-0.4770076388802293,-0.4817438186225662,-0.47227145913789237,"(101,)","(101,)",-4.811035450908531,-4.549477570258857,71.67910891089106,,,,,
705,-0.4770076388802293,-0.4817438186225662,-0.47227145913789237,"(101,)","(101,)",-4.811035450908531,-4.549477570258857,72.77396039603957,,,,,
706,-0.4770076388802293,-0.4817438186225662,-0.47227145913789237,"(101,)","(101,)",-4.811035450908531,-4.549477570258857,74.16999999999997,,,,,
707,-0.4770076388802293,-0.4817438186225662,-0.47227145913789237,"(101,)","(101,)",-4.811035450908531,-4.549477570258857,75.61,,,,,
708,-0.4770076388802293,-0.4817438186225662,-0.47227145913789237,"(101,)","(101,)",-4.811035450908531,-4.549477570258857,76.98821782178219,,,,,
709,-0.4770076388802293,-0.4817438186225662,-0.47227145913789237,"(101,)","(101,)",-4.811035450908531,-4.549477570258857,78.2010891089109,,,,,
710,-0.4770076388802293,-0.4817438186225662,-0.47227145913789237,"(101,)","(101,)",-4.811035450908531,-4.549477570258857,80.44663366336637,,,,,
711,-0.4770076388802293,-0.4817438186225662,-0.47227145913789237,"(101,)","(101,)",-4.811035450908531,-4.549477570258857,82.93099009900988,,,,,
712,-0.4770076388802293,-0.4817438186225662,-0.47227145913789237,"(101,)","(101,)",-4.811035450908531,-4.549477570258857,85.60148514851487,,,,,
713,-0.4770076388802293,-0.4817438186225662,-0.47227145913789237,"(101,)","(101,)",-4.811035450908531,-4.549477570258857,87.94831683168313,,,,,
714,-0.4770076388802293,-0.4817438186225662,-0.47227145913789237,"(101,)","(101,)",-4.811035450908531,-4.549477570258857,90.75980198019805,,,,,
715,-0.4770076388802293,-0.4817438186225662,-0.47227145913789237,"(101,)","(101,)",-4.811035450908531,-4.549477570258857,93.34415841584163,,,,,
716,-0.4770076388802293,-0.4817438186225662,-0.47227145913789237,"(101,)","(101,)",-4.811035450908531,-4.549477570258857,96.03257425742576,,,,,
717,-0.4770076388802293,-0.4817438186225662,-0.47227145913789237,"(101,)","(101,)",-4.811035450908531,-4.549477570258857,98.8682178217822,,,,,
718,-0.4770076388802293,-0.4817438186225662,-0.47227145913789237,"(101,)","(101,)",-4.811035450908531,-4.549477570258857,101.49871287128713,,,,,
719,-0.4770076388802293,-0.4817438186225662,-0.47227145913789237,"(101,)","(101,)",-4.811035450908531,-4.549477570258857,104.44970297029703,,,,,
720,-0.4770076388802293,-0.4817438186225662,-0.47227145913789237,"(101,)","(101,)",-4.811035450908531,-4.549477570258857,106.93881188118816,,,,,
721,-0.4770076388802293,-0.4817438186225662,-0.47227145913789237,"(101,)","(101,)",-4.811035450908531,-4.549477570258857,110.2429702970297,,,,,
722,-0.4770076388802293,-0.4817438186225662,-0.47227145913789237,"(101,)","(101,)",-4.811035450908531,-4.549477570258857,112.19,,,,,
723,-0.4770076388802293,-0.4817438186225662,-0.47227145913789237,"(101,)","(101,)",-4.811035450908531,-4.549477570258857,116.16000000000005,,,,,
724,-0.4770076388802293,-0.4817438186225662,-0.47227145913789237,"(101,)","(101,)",-4.811035450908531,-4.549477570258857,118.33000000000004,,,,,
725,-0.4770076388802293,-0.4817438186225662,-0.47227145913789237,"(101,)","(101,)",-4.811035450908531,-4.549477570258857,122.28999999999996,,,,,
726,-0.4770076388802293,-0.4817438186225662,-0.47227145913789237,"(101,)","(101,)",-4.811035450908531,-4.549477570258857,99.74643564356431,,,,,
727,-0.4770076388802293,-0.4817438186225662,-0.47227145913789237,"(101,)","(101,)",-4.811035450908531,-4.549477570258857,82.32475247524756,,,,,
728,-0.4770076388802293,-0.4817438186225662,-0.47227145913789237,"(101,)","(101,)",-4.811035450908531,-4.549477570258857,67.71405940594059,,,,,
729,-0.4770076388802293,-0.4817438186225662,-0.47227145913789237,"(101,)","(101,)",-4.811035450908531,-4.549477570258857,55.0,,,,,
730,-0.4770076388802293,-0.4817438186225662,-0.47227145913789237,"(101,)","(101,)",-4.811035450908531,-4.549477570258857,44.17000000000001,,,,,
731,-0.4770076388802293,-0.4817438186225662,-0.47227145913789237,"(101,)","(101,)",-4.811035450908531,-4.549477570258857,37.58584158415841,,,,,
732,-0.4770076388802293,-0.4817438186225662,-0.47227145913789237,"(101,)","(101,)",-4.811035450908531,-4.549477570258857,35.033861386138604,,,,,
733,-0.4770076388802293,-0.4817438186225662,-0.47227145913789237,"(101,)","(101,)",-4.811035450908531,-4.549477570258857,34.31178217821781,,,,,
734,-0.4770076388802293,-0.4817438186225662,-0.47227145913789237,"(101,)","(101,)",-4.811035450908531,-4.549477570258857,34.35831683168317,,,,,
735,-0.4770076388802293,-0.4817438186225662,-0.47227145913789237,"(101,)","(101,)",-4.811035450908531,-4.549477570258857,34.989900990099,,,,,
736,-0.4770076388802293,-0.4817438186225662,-0.47227145913789237,"(101,)","(101,)",-4.811035450908531,-4.549477570258857,35.947722772277245,,,,,
737,-0.4770076388802293,-0.4817438186225662,-0.47227145913789237,"(101,)","(101,)",-4.811035450908531,-4.549477570258857,37.22376237623762,,,,,
738,-0.4770076388802293,-0.4817438186225662,-0.47227145913789237,"(101,)","(101,)",-4.811035450908531,-4.549477570258857,38.451386138613856,,,,,
739,-0.4770076388802293,-0.4817438186225662,-0.47227145913789237,"(101,)","(101,)",-4.811035450908531,-4.549477570258857,39.44,,,,,
740,-0.4770076388802293,-0.4817438186225662,-0.47227145913789237,"(101,)","(101,)",-4.811035450908531,-4.549477570258857,40.48,,,,,
741,-0.4770076388802293,-0.4817438186225662,-0.47227145913789237,"(101,)","(101,)",-4.811035450908531,-4.549477570258857,41.4668316831683,,,,,
742,-0.4770076388802293,-0.4817438186225662,-0.47227145913789237,"(101,)","(101,)",-4.811035450908531,-4.549477570258857,42.564257425742554,,,,,
743,-0.4770076388802293,-0.4817438186225662,-0.47227145913789237,"(101,)","(101,)",-4.811035450908531,-4.549477570258857,43.59346534653464,,,,,
744,-0.4770076388802293,-0.4817438186225662,-0.47227145913789237,"(101,)","(101,)",-4.811035450908531,-4.549477570258857,44.66534653465345,,,,,
745,-0.4770076388802293,-0.4817438186225662,-0.47227145913789237,"(101,)","(101,)",-4.811035450908531,-4.549477570258857,45.73990099009903,,,,,
746,-0.4770076388802293,-0.4817438186225662,-0.47227145913789237,"(101,)","(101,)",-4.811035450908531,-4.549477570258857,46.82633663366338,,,,,
747,-0.4770076388802293,-0.4817438186225662,-0.47227145913789237,"(101,)","(101,)",-4.811035450908531,-4.549477570258857,47.92970297029705,,,,,
748,-0.4770076388802293,-0.4817438186225662,-0.47227145913789237,"(101,)","(101,)",-4.811035450908531,-4.549477570258857,49.03099009900989,,,,,
749,-0.4770076388802293,-0.4817438186225662,-0.47227145913789237,"(101,)","(101,)",-4.811035450908531,-4.549477570258857,50.20861386138614,,,,,
750,-0.4770076388802293,-0.4817438186225662,-0.47227145913789237,"(101,)","(101,)",-4.811035450908531,-4.549477570258857,51.26217821782178,,,,,
751,-0.4770076388802293,-0.4817438186225662,-0.47227145913789237,"(101,)","(101,)",-4.811035450908531,-4.549477570258857,52.48831683168317,,,,,
752,-0.4770076388802293,-0.4817438186225662,-0.47227145913789237,"(101,)","(101,)",-4.811035450908531,-4.549477570258857,53.76099009900991,,,,,
753,-0.4770076388802293,-0.4817438186225662,-0.47227145913789237,"(101,)","(101,)",-4.811035450908531,-4.549477570258857,54.89178217821784,,,,,
754,-0.4770076388802293,-0.4817438186225662,-0.47227145913789237,"(101,)","(101,)",-4.811035450908531,-4.549477570258857,56.11891089108913,,,,,
755,-0.4770076388802293,-0.4817438186225662,-0.47227145913789237,"(101,)","(101,)",-4.811035450908531,-4.549477570258857,57.35851485148516,,,,,
756,-0.4770076388802293,-0.4817438186225662,-0.47227145913789237,"(101,)","(101,)",-4.811035450908531,-4.549477570258857,57.87,,,,,
757,-0.4770076388802293,-0.4817438186225662,-0.47227145913789237,"(101,)","(101,)",-4.811035450908531,-4.549477570258857,23.515544554455442,,,,,
758,-0.4770076388802293,-0.4817438186225662,-0.47227145913789237,"(101,)","(101,)",-4.811035450908531,-4.549477570258857,23.50653465346534,,,,,
759,-0.4770076388802293,-0.4817438186225662,-0.47227145913789237,"(101,)","(101,)",-4.811035450908531,-4.549477570258857,23.52316831683168,,,,,
760,-0.4770076388802293,-0.4817438186225662,-0.47227145913789237,"(101,)","(101,)",-4.811035450908531,-4.549477570258857,23.66188118811881,,,,,
761,-0.4770076388802293,-0.4817438186225662,-0.47227145913789237,"(101,)","(101,)",-4.811035450908531,-4.549477570258857,23.963069306930688,,,,,
762,-0.4770076388802293,-0.4817438186225662,-0.47227145913789237,"(101,)","(101,)",-4.811035450908531,-4.549477570258857,24.789999999999996,,,,,
763,-0.4770076388802293,-0.4817438186225662,-0.47227145913789237,"(101,)","(101,)",-4.811035450908531,-4.549477570258857,26.759999999999994,,,,,
764,-0.4770076388802293,-0.4817438186225662,-0.47227145913789237,"(101,)","(101,)",-4.811035450908531,-4.549477570258857,28.989999999999995,,,,,
765,-0.4770076388802293,-0.4817438186225662,-0.47227145913789237,"(101,)","(101,)",-4.811035450908531,-4.549477570258857,30.879999999999995,,,,,
766,-0.4770076388802293,-0.4817438186225662,-0.47227145913789237,"(101,)","(101,)",-4.811035450908531,-4.549477570258857,32.639999999999986,,,,,
767,-0.4770076388802293,-0.4817438186225662,-0.47227145913789237,"(101,)","(101,)",-4.811035450908531,-4.549477570258857,34.4,,,,,
768,-0.4770076388802293,-0.4817438186225662,-0.47227145913789237,"(101,)","(101,)",-4.811035450908531,-4.549477570258857,36.28,,,,,
769,-0.4770076388802293,-0.4817438186225662,-0.47227145913789237,"(101,)","(101,)",-4.811035450908531,-4.549477570258857,37.70000000000001,,,,,
770,-0.4770076388802293,-0.4817438186225662,-0.47227145913789237,"(101,)","(101,)",-4.811035450908531,-4.549477570258857,38.92000000000001,,,,,
771,-0.4770076388802293,-0.4817438186225662,-0.47227145913789237,"(101,)","(101,)",-4.811035450908531,-4.549477570258857,40.160000000000004,,,,,
772,-0.4770076388802293,-0.4817438186225662,-0.47227145913789237,"(101,)","(101,)",-4.811035450908531,-4.549477570258857,41.24999999999999,,,,,
773,-0.4770076388802293,-0.4817438186225662,-0.47227145913789237,"(101,)","(101,)",-4.811035450908531,-4.549477570258857,42.36000000000002,,,,,
774,-0.4770076388802293,-0.4817438186225662,-0.47227145913789237,"(101,)","(101,)",-4.811035450908531,-4.549477570258857,43.379999999999995,,,,,
775,-0.4770076388802293,-0.4817438186225662,-0.47227145913789237,"(101,)","(101,)",-4.811035450908531,-4.549477570258857,44.469999999999985,,,,,
776,-0.4770076388802293,-0.4817438186225662,-0.47227145913789237,"(101,)","(101,)",-4.811035450908531,-4.549477570258857,45.589999999999996,,,,,
777,-0.4770076388802293,-0.4817438186225662,-0.47227145913789237,"(101,)","(101,)",-4.811035450908531,-4.549477570258857,46.70000000000002,,,,,
778,-0.4770076388802293,-0.4817438186225662,-0.47227145913789237,"(101,)","(101,)",-4.811035450908531,-4.549477570258857,47.76999999999998,,,,,
779,-0.4770076388802293,-0.4817438186225662,-0.47227145913789237,"(101,)","(101,)",-4.811035450908531,-4.549477570258857,49.000000000000014,,,,,
780,-0.4770076388802293,-0.4817438186225662,-0.47227145913789237,"(101,)","(101,)",-4.811035450908531,-4.549477570258857,50.15999999999999,,,,,
781,-0.4770076388802293,-0.4817438186225662,-0.47227145913789237,"(101,)","(101,)",-4.811035450908531,-4.549477570258857,51.31999999999998,,,,,
782,-0.4770076388802293,-0.4817438186225662,-0.47227145913789237,"(101,)","(101,)",-4.811035450908531,-4.549477570258857,52.47999999999998,,,,,
783,-0.4770076388802293,-0.4817438186225662,-0.47227145913789237,"(101,)","(101,)",-4.811035450908531,-4.549477570258857,53.70999999999999,,,,,
784,-0.4770076388802293,-0.4817438186225662,-0.47227145913789237,"(101,)","(101,)",-4.811035450908531,-4.549477570258857,54.891287128712875,,,,,
785,-0.4770076388802293,-0.4817438186225662,-0.47227145913789237,"(101,)","(101,)",-4.811035450908531,-4.549477570258857,56.08495049504949,,,,,
786,-0.4770076388802293,-0.4817438186225662,-0.47227145913789237,"(101,)","(101,)",-4.811035450908531,-4.549477570258857,57.3550495049505,,,,,
787,-0.4770076388802293,-0.4817438186225662,-0.47227145913789237,"(101,)","(101,)",-4.811035450908531,-4.549477570258857,58.564158415841575,,,,,
788,-0.4770076388802293,-0.4817438186225662,-0.47227145913789237,"(101,)","(101,)",-4.811035450908531,-4.549477570258857,59.87702970297031,,,,,
789,-0.4770076388802293,-0.4817438186225662,-0.47227145913789237,"(101,)","(101,)",-4.811035450908531,-4.549477570258857,60.96207920792078,,,,,
790,-0.4770076388802293,-0.4817438186225662,-0.47227145913789237,"(101,)","(101,)",-4.811035450908531,-4.549477570258857,62.07475247524752,,,,,
791,-0.4770076388802293,-0.4817438186225662,-0.47227145913789237,"(101,)","(101,)",-4.811035450908531,-4.549477570258857,63.30346534653464,,,,,
792,-0.4770076388802293,-0.4817438186225662,-0.47227145913789237,"(101,)","(101,)",-4.811035450908531,-4.549477570258857,64.62257425742574,,,,,
793,-0.4770076388802293,-0.4817438186225662,-0.47227145913789237,"(101,)","(101,)",-4.811035450908531,-4.549477570258857,65.7859405940594,,,,,
794,-0.4770076388802293,-0.4817438186225662,-0.47227145913789237,"(101,)","(101,)",-4.811035450908531,-4.549477570258857,67.02910891089105,,,,,
795,-0.4770076388802293,-0.4817438186225662,-0.47227145913789237,"(101,)","(101,)",-4.811035450908531,-4.549477570258857,68.25188118811879,,,,,
796,-0.4770076388802293,-0.4817438186225662,-0.47227145913789237,"(101,)","(101,)",-4.811035450908531,-4.549477570258857,69.61178217821781,,,,,
797,-0.4770076388802293,-0.4817438186225662,-0.47227145913789237,"(101,)","(101,)",-4.811035450908531,-4.549477570258857,70.89514851485147,,,,,
798,-0.4770076388802293,-0.4817438186225662,-0.47227145913789237,"(101,)","(101,)",-4.811035450908531,-4.549477570258857,72.08356435643563,,,,,
799,-0.4770076388802293,-0.4817438186225662,-0.47227145913789237,"(101,)","(101,)",-4.811035450908531,-4.549477570258857,73.44138613861386,,,,,
800,-0.4770076388802293,-0.4817438186225662,-0.47227145913789237,"(101,)","(101,)",-4.811035450908531,-4.549477570258857,74.66851485148516,,,,,
801,-0.4770076388802293,-0.4817438186225662,-0.47227145913789237,"(101,)","(101,)",-4.811035450908531,-4.549477570258857,75.93247524752478,,,,,
802,-0.4770076388802293,-0.4817438186225662,-0.47227145913789237,"(101,)","(101,)",-4.811035450908531,-4.549477570258857,77.05831683168317,,,,,
803,-0.4770076388802293,-0.4817438186225662,-0.47227145913789237,"(101,)","(101,)",-4.811035450908531,-4.549477570258857,78.33029702970296,,,,,
804,-0.4770076388802293,-0.4817438186225662,-0.47227145913789237,"(101,)","(101,)",-4.811035450908531,-4.549477570258857,80.24000000000002,,,,,
805,-0.4770076388802293,-0.4817438186225662,-0.47227145913789237,"(101,)","(101,)",-4.811035450908531,-4.549477570258857,83.0071287128713,,,,,
806,-0.4770076388802293,-0.4817438186225662,-0.47227145913789237,"(101,)","(101,)",-4.811035450908531,-4.549477570258857,85.3188118811881,,,,,
807,-0.4770076388802293,-0.4817438186225662,-0.47227145913789237,"(101,)","(101,)",-4.811035450908531,-4.549477570258857,88.12237623762374,,,,,
808,-0.4770076388802293,-0.4817438186225662,-0.47227145913789237,"(101,)","(101,)",-4.811035450908531,-4.549477570258857,90.48792079207924,,,,,
809,-0.4770076388802293,-0.4817438186225662,-0.47227145913789237,"(101,)","(101,)",-4.811035450908531,-4.549477570258857,93.35287128712872,,,,,
810,-0.4770076388802293,-0.4817438186225662,-0.47227145913789237,"(101,)","(101,)",-4.811035450908531,-4.549477570258857,95.38316831683169,,,,,
811,-0.4770076388802293,-0.4817438186225662,-0.47227145913789237,"(101,)","(101,)",-4.811035450908531,-4.549477570258857,98.94178217821785,,,,,
812,-0.4770076388802293,-0.4817438186225662,-0.47227145913789237,"(101,)","(101,)",-4.811035450908531,-4.549477570258857,101.01000000000005,,,,,
813,-0.4770076388802293,-0.4817438186225662,-0.47227145913789237,"(101,)","(101,)",-4.811035450908531,-4.549477570258857,104.68999999999996,,,,,
814,-0.4770076388802293,-0.4817438186225662,-0.47227145913789237,"(101,)","(101,)",-4.811035450908531,-4.549477570258857,106.78999999999996,,,,,
815,-0.4770076388802293,-0.4817438186225662,-0.47227145913789237,"(101,)","(101,)",-4.811035450908531,-4.549477570258857,110.68999999999997,,,,,
816,-0.4770076388802293,-0.4817438186225662,-0.47227145913789237,"(101,)","(101,)",-4.811035450908531,-4.549477570258857,112.59000000000002,,,,,
817,-0.4770076388802293,-0.4817438186225662,-0.47227145913789237,"(101,)","(101,)",-4.811035450908531,-4.549477570258857,116.64999999999999,,,,,
818,-0.4770076388802293,-0.4817438186225662,-0.47227145913789237,"(101,)","(101,)",-4.811035450908531,-4.549477570258857,118.99,,,,,
819,-0.4770076388802293,-0.4817438186225662,-0.47227145913789237,"(101,)","(101,)",-4.811035450908531,-4.549477570258857,122.68,,,,,
820,-0.4770076388802293,-0.4817438186225662,-0.47227145913789237,"(101,)","(101,)",-4.811035450908531,-4.549477570258857,23.570396039603956,,,,,
821,-0.4770076388802293,-0.4817438186225662,-0.47227145913789237,"(101,)","(101,)",-4.811035450908531,-4.549477570258857,23.5789108910891,,,,,
822,-0.4770076388802293,-0.4817438186225662,-0.47227145913789237,"(101,)","(101,)",-4.811035450908531,-4.549477570258857,23.571782178217816,,,,,
823,-0.4770076388802293,-0.4817438186225662,-0.47227145913789237,"(101,)","(101,)",-4.811035450908531,-4.549477570258857,23.694158415841574,,,,,
824,-0.4770076388802293,-0.4817438186225662,-0.47227145913789237,"(101,)","(101,)",-4.811035450908531,-4.549477570258857,24.128019801980194,,,,,
825,-0.4770076388802293,-0.4817438186225662,-0.47227145913789237,"(101,)","(101,)",-4.811035450908531,-4.549477570258857,25.12267326732672,,,,,
826,-0.4770076388802293,-0.4817438186225662,-0.47227145913789237,"(101,)","(101,)",-4.811035450908531,-4.549477570258857,26.99376237623763,,,,,
827,-0.4770076388802293,-0.4817438186225662,-0.47227145913789237,"(101,)","(101,)",-4.811035450908531,-4.549477570258857,29.110297029702974,,,,,
828,-0.4770076388802293,-0.4817438186225662,-0.47227145913789237,"(101,)","(101,)",-4.811035450908531,-4.549477570258857,31.000990099009897,,,,,
829,-0.4770076388802293,-0.4817438186225662,-0.47227145913789237,"(101,)","(101,)",-4.811035450908531,-4.549477570258857,32.826138613861374,,,,,
830,-0.4770076388802293,-0.4817438186225662,-0.47227145913789237,"(101,)","(101,)",-4.811035450908531,-4.549477570258857,34.60881188118811,,,,,
831,-0.4770076388802293,-0.4817438186225662,-0.47227145913789237,"(101,)","(101,)",-4.811035450908531,-4.549477570258857,36.18524752475249,,,,,
832,-0.4770076388802293,-0.4817438186225662,-0.47227145913789237,"(101,)","(101,)",-4.811035450908531,-4.549477570258857,37.67633663366336,,,,,
833,-0.4770076388802293,-0.4817438186225662,-0.47227145913789237,"(101,)","(101,)",-4.811035450908531,-4.549477570258857,38.97702970297032,,,,,
834,-0.4770076388802293,-0.4817438186225662,-0.47227145913789237,"(101,)","(101,)",-4.811035450908531,-4.549477570258857,40.20237623762376,,,,,
835,-0.4770076388802293,-0.4817438186225662,-0.47227145913789237,"(101,)","(101,)",-4.811035450908531,-4.549477570258857,41.33148514851484,,,,,
836,-0.4770076388802293,-0.4817438186225662,-0.47227145913789237,"(101,)","(101,)",-4.811035450908531,-4.549477570258857,42.39603960396041,,,,,
837,-0.4770076388802293,-0.4817438186225662,-0.47227145913789237,"(101,)","(101,)",-4.811035450908531,-4.549477570258857,43.43099009900989,,,,,
838,-0.4770076388802293,-0.4817438186225662,-0.47227145913789237,"(101,)","(101,)",-4.811035450908531,-4.549477570258857,44.512475247524755,,,,,
839,-0.4770076388802293,-0.4817438186225662,-0.47227145913789237,"(101,)","(101,)",-4.811035450908531,-4.549477570258857,45.596039603960406,,,,,
840,-0.4770076388802293,-0.4817438186225662,-0.47227145913789237,"(101,)","(101,)",-4.811035450908531,-4.549477570258857,46.73267326732675,,,,,
841,-0.4770076388802293,-0.4817438186225662,-0.47227145913789237,"(101,)","(101,)",-4.811035450908531,-4.549477570258857,47.81099009900988,,,,,
842,-0.4770076388802293,-0.4817438186225662,-0.47227145913789237,"(101,)","(101,)",-4.811035450908531,-4.549477570258857,48.92148514851487,,,,,
843,-0.4770076388802293,-0.4817438186225662,-0.47227145913789237,"(101,)","(101,)",-4.811035450908531,-4.549477570258857,50.04990099009902,,,,,
844,-0.4770076388802293,-0.4817438186225662,-0.47227145913789237,"(101,)","(101,)",-4.811035450908531,-4.549477570258857,51.113465346534646,,,,,
845,-0.4770076388802293,-0.4817438186225662,-0.47227145913789237,"(101,)","(101,)",-4.811035450908531,-4.549477570258857,52.23702970297029,,,,,
846,-0.4770076388802293,-0.4817438186225662,-0.47227145913789237,"(101,)","(101,)",-4.811035450908531,-4.549477570258857,53.337821782178196,,,,,
847,-0.4770076388802293,-0.4817438186225662,-0.47227145913789237,"(101,)","(101,)",-4.811035450908531,-4.549477570258857,54.57,,,,,
848,-0.4770076388802293,-0.4817438186225662,-0.47227145913789237,"(101,)","(101,)",-4.811035450908531,-4.549477570258857,55.810000000000024,,,,,
849,-0.4770076388802293,-0.4817438186225662,-0.47227145913789237,"(101,)","(101,)",-4.811035450908531,-4.549477570258857,57.13930693069306,,,,,
850,-0.4770076388802293,-0.4817438186225662,-0.47227145913789237,"(101,)","(101,)",-4.811035450908531,-4.549477570258857,58.33603960396038,,,,,
851,-0.4770076388802293,-0.4817438186225662,-0.47227145913789237,"(101,)","(101,)",-4.811035450908531,-4.549477570258857,59.639306930693046,,,,,
852,-0.4770076388802293,-0.4817438186225662,-0.47227145913789237,"(101,)","(101,)",-4.811035450908531,-4.549477570258857,60.70168316831684,,,,,
853,-0.4770076388802293,-0.4817438186225662,-0.47227145913789237,"(101,)","(101,)",-4.811035450908531,-4.549477570258857,61.78722772277228,,,,,
854,-0.4770076388802293,-0.4817438186225662,-0.47227145913789237,"(101,)","(101,)",-4.811035450908531,-4.549477570258857,63.00405940594057,,,,,
855,-0.4770076388802293,-0.4817438186225662,-0.47227145913789237,"(101,)","(101,)",-4.811035450908531,-4.549477570258857,64.11504950495048,,,,,
856,-0.4770076388802293,-0.4817438186225662,-0.47227145913789237,"(101,)","(101,)",-4.811035450908531,-4.549477570258857,65.3,,,,,
857,-0.4770076388802293,-0.4817438186225662,-0.47227145913789237,"(101,)","(101,)",-4.811035450908531,-4.549477570258857,66.69000000000004,,,,,
858,-0.4770076388802293,-0.4817438186225662,-0.47227145913789237,"(101,)","(101,)",-4.811035450908531,-4.549477570258857,68.08366336633664,,,,,
859,-0.4770076388802293,-0.4817438186225662,-0.47227145913789237,"(101,)","(101,)",-4.811035450908531,-4.549477570258857,69.14079207920794,,,,,
860,-0.4770076388802293,-0.4817438186225662,-0.47227145913789237,"(101,)","(101,)",-4.811035450908531,-4.549477570258857,70.35732673267329,,,,,
861,-0.4770076388802293,-0.4817438186225662,-0.47227145913789237,"(101,)","(101,)",-4.811035450908531,-4.549477570258857,71.46584158415841,,,,,
862,-0.4770076388802293,-0.4817438186225662,-0.47227145913789237,"(101,)","(101,)",-4.811035450908531,-4.549477570258857,72.77000000000001,,,,,
863,-0.4770076388802293,-0.4817438186225662,-0.47227145913789237,"(101,)","(101,)",-4.811035450908531,-4.549477570258857,74.30000000000003,,,,,
864,-0.4770076388802293,-0.4817438186225662,-0.47227145913789237,"(101,)","(101,)",-4.811035450908531,-4.549477570258857,75.70277227722774,,,,,
865,-0.4770076388802293,-0.4817438186225662,-0.47227145913789237,"(101,)","(101,)",-4.811035450908531,-4.549477570258857,76.93306930693068,,,,,
866,-0.4770076388802293,-0.4817438186225662,-0.47227145913789237,"(101,)","(101,)",-4.811035450908531,-4.549477570258857,78.13683168316831,,,,,
867,-0.4770076388802293,-0.4817438186225662,-0.47227145913789237,"(101,)","(101,)",-4.811035450908531,-4.549477570258857,80.26821782178217,,,,,
868,-0.4770076388802293,-0.4817438186225662,-0.47227145913789237,"(101,)","(101,)",-4.811035450908531,-4.549477570258857,82.67207920792082,,,,,
869,-0.4770076388802293,-0.4817438186225662,-0.47227145913789237,"(101,)","(101,)",-4.811035450908531,-4.549477570258857,84.94653465346533,,,,,
870,-0.4770076388802293,-0.4817438186225662,-0.47227145913789237,"(101,)","(101,)",-4.811035450908531,-4.549477570258857,87.97782178217827,,,,,
871,-0.4770076388802293,-0.4817438186225662,-0.47227145913789237,"(101,)","(101,)",-4.811035450908531,-4.549477570258857,90.200495049505,,,,,
872,-0.4770076388802293,-0.4817438186225662,-0.47227145913789237,"(101,)","(101,)",-4.811035450908531,-4.549477570258857,93.33138613861384,,,,,
873,-0.4770076388802293,-0.4817438186225662,-0.47227145913789237,"(101,)","(101,)",-4.811035450908531,-4.549477570258857,95.37693069306927,,,,,
874,-0.4770076388802293,-0.4817438186225662,-0.47227145913789237,"(101,)","(101,)",-4.811035450908531,-4.549477570258857,98.86999999999999,,,,,
875,-0.4770076388802293,-0.4817438186225662,-0.47227145913789237,"(101,)","(101,)",-4.811035450908531,-4.549477570258857,101.00000000000003,,,,,
876,-0.4770076388802293,-0.4817438186225662,-0.47227145913789237,"(101,)","(101,)",-4.811035450908531,-4.549477570258857,104.74000000000001,,,,,
877,-0.4770076388802293,-0.4817438186225662,-0.47227145913789237,"(101,)","(101,)",-4.811035450908531,-4.549477570258857,106.71999999999997,,,,,
878,-0.4770076388802293,-0.4817438186225662,-0.47227145913789237,"(101,)","(101,)",-4.811035450908531,-4.549477570258857,110.72000000000003,,,,,
879,-0.4770076388802293,-0.4817438186225662,-0.47227145913789237,"(101,)","(101,)",-4.811035450908531,-4.549477570258857,112.61000000000003,,,,,
880,-0.4770076388802293,-0.4817438186225662,-0.47227145913789237,"(101,)","(101,)",-4.811035450908531,-4.549477570258857,116.73000000000003,,,,,
881,-0.4770076388802293,-0.4817438186225662,-0.47227145913789237,"(101,)","(101,)",-4.811035450908531,-4.549477570258857,119.12000000000008,,,,,
882,-0.4770076388802293,-0.4817438186225662,-0.47227145913789237,"(101,)","(101,)",-4.811035450908531,-4.549477570258857,122.74999999999999,,,,,
883,-0.4770076388802293,-0.4817438186225662,-0.47227145913789237,"(101,)","(101,)",-4.811035450908531,-4.549477570258857,23.35000000000001,,,,,
884,-0.4770076388802293,-0.4817438186225662,-0.47227145913789237,"(101,)","(101,)",-4.811035450908531,-4.549477570258857,23.34039603960397,,,,,
885,-0.4770076388802293,-0.4817438186225662,-0.47227145913789237,"(101,)","(101,)",-4.811035450908531,-4.549477570258857,23.355841584158405,,,,,
886,-0.4770076388802293,-0.4817438186225662,-0.47227145913789237,"(101,)","(101,)",-4.811035450908531,-4.549477570258857,23.507623762376234,,,,,
887,-0.4770076388802293,-0.4817438186225662,-0.47227145913789237,"(101,)","(101,)",-4.811035450908531,-4.549477570258857,23.901485148514848,,,,,
888,-0.4770076388802293,-0.4817438186225662,-0.47227145913789237,"(101,)","(101,)",-4.811035450908531,-4.549477570258857,24.900495049504944,,,,,
889,-0.4770076388802293,-0.4817438186225662,-0.47227145913789237,"(101,)","(101,)",-4.811035450908531,-4.549477570258857,26.669603960396035,,,,,
890,-0.4770076388802293,-0.4817438186225662,-0.47227145913789237,"(101,)","(101,)",-4.811035450908531,-4.549477570258857,28.8210891089109,,,,,
891,-0.4770076388802293,-0.4817438186225662,-0.47227145913789237,"(101,)","(101,)",-4.811035450908531,-4.549477570258857,30.820594059405938,,,,,
892,-0.4770076388802293,-0.4817438186225662,-0.47227145913789237,"(101,)","(101,)",-4.811035450908531,-4.549477570258857,32.652871287128704,,,,,
893,-0.4770076388802293,-0.4817438186225662,-0.47227145913789237,"(101,)","(101,)",-4.811035450908531,-4.549477570258857,34.455247524752465,,,,,
894,-0.4770076388802293,-0.4817438186225662,-0.47227145913789237,"(101,)","(101,)",-4.811035450908531,-4.549477570258857,36.08574257425741,,,,,
895,-0.4770076388802293,-0.4817438186225662,-0.47227145913789237,"(101,)","(101,)",-4.811035450908531,-4.549477570258857,37.617227722772284,,,,,
896,-0.4770076388802293,-0.4817438186225662,-0.47227145913789237,"(101,)","(101,)",-4.811035450908531,-4.549477570258857,38.84772277227723,,,,,
897,-0.4770076388802293,-0.4817438186225662,-0.47227145913789237,"(101,)","(101,)",-4.811035450908531,-4.549477570258857,39.985049504950496,,,,,
898,-0.4770076388802293,-0.4817438186225662,-0.47227145913789237,"(101,)","(101,)",-4.811035450908531,-4.549477570258857,41.050792079207916,,,,,
899,-0.4770076388802293,-0.4817438186225662,-0.47227145913789237,"(101,)","(101,)",-4.811035450908531,-4.549477570258857,42.09079207920795,,,,,
900,-0.4770076388802293,-0.4817438186225662,-0.47227145913789237,"(101,)","(101,)",-4.811035450908531,-4.549477570258857,43.090000000000025,,,,,
901,-0.4770076388802293,-0.4817438186225662,-0.47227145913789237,"(101,)","(101,)",-4.811035450908531,-4.549477570258857,44.19000000000002,,,,,
902,-0.4770076388802293,-0.4817438186225662,-0.47227145913789237,"(101,)","(101,)",-4.811035450908531,-4.549477570258857,45.44999999999999,,,,,
903,-0.4770076388802293,-0.4817438186225662,-0.47227145913789237,"(101,)","(101,)",-4.811035450908531,-4.549477570258857,46.50198019801983,,,,,
904,-0.4770076388802293,-0.4817438186225662,-0.47227145913789237,"(101,)","(101,)",-4.811035450908531,-4.549477570258857,47.633861386138584,,,,,
905,-0.4770076388802293,-0.4817438186225662,-0.47227145913789237,"(101,)","(101,)",-4.811035450908531,-4.549477570258857,48.74019801980199,,,,,
906,-0.4770076388802293,-0.4817438186225662,-0.47227145913789237,"(101,)","(101,)",-4.811035450908531,-4.549477570258857,49.78772277227723,,,,,
907,-0.4770076388802293,-0.4817438186225662,-0.47227145913789237,"(101,)","(101,)",-4.811035450908531,-4.549477570258857,50.80158415841585,,,,,
908,-0.4770076388802293,-0.4817438186225662,-0.47227145913789237,"(101,)","(101,)",-4.811035450908531,-4.549477570258857,51.78000000000001,,,,,
909,-0.4770076388802293,-0.4817438186225662,-0.47227145913789237,"(101,)","(101,)",-4.811035450908531,-4.549477570258857,53.21999999999999,,,,,
910,-0.4770076388802293,-0.4817438186225662,-0.47227145913789237,"(101,)","(101,)",-4.811035450908531,-4.549477570258857,54.55663366336634,,,,,
911,-0.4770076388802293,-0.4817438186225662,-0.47227145913789237,"(101,)","(101,)",-4.811035450908531,-4.549477570258857,55.519603960396026,,,,,
912,-0.4770076388802293,-0.4817438186225662,-0.47227145913789237,"(101,)","(101,)",-4.811035450908531,-4.549477570258857,56.62029702970296,,,,,
913,-0.4770076388802293,-0.4817438186225662,-0.47227145913789237,"(101,)","(101,)",-4.811035450908531,-4.549477570258857,57.88227722772276,,,,,
914,-0.4770076388802293,-0.4817438186225662,-0.47227145913789237,"(101,)","(101,)",-4.811035450908531,-4.549477570258857,59.009999999999984,,,,,
915,-0.4770076388802293,-0.4817438186225662,-0.47227145913789237,"(101,)","(101,)",-4.811035450908531,-4.549477570258857,60.570000000000014,,,,,
916,-0.4770076388802293,-0.4817438186225662,-0.47227145913789237,"(101,)","(101,)",-4.811035450908531,-4.549477570258857,61.75099009900989,,,,,
917,-0.4770076388802293,-0.4817438186225662,-0.47227145913789237,"(101,)","(101,)",-4.811035450908531,-4.549477570258857,62.79198019801981,,,,,
918,-0.4770076388802293,-0.4817438186225662,-0.47227145913789237,"(101,)","(101,)",-4.811035450908531,-4.549477570258857,63.971584158415865,,,,,
919,-0.4770076388802293,-0.4817438186225662,-0.47227145913789237,"(101,)","(101,)",-4.811035450908531,-4.549477570258857,65.05366336633664,,,,,
920,-0.4770076388802293,-0.4817438186225662,-0.47227145913789237,"(101,)","(101,)",-4.811035450908531,-4.549477570258857,66.48000000000002,,,,,
921,-0.4770076388802293,-0.4817438186225662,-0.47227145913789237,"(101,)","(101,)",-4.811035450908531,-4.549477570258857,67.87257425742574,,,,,
922,-0.4770076388802293,-0.4817438186225662,-0.47227145913789237,"(101,)","(101,)",-4.811035450908531,-4.549477570258857,69.20920792079207,,,,,
923,-0.4770076388802293,-0.4817438186225662,-0.47227145913789237,"(101,)","(101,)",-4.811035450908531,-4.549477570258857,70.29950495049505,,,,,
924,-0.4770076388802293,-0.4817438186225662,-0.47227145913789237,"(101,)","(101,)",-4.811035450908531,-4.549477570258857,71.33168316831681,,,,,
925,-0.4770076388802293,-0.4817438186225662,-0.47227145913789237,"(101,)","(101,)",-4.811035450908531,-4.549477570258857,72.65999999999998,,,,,
926,-0.4770076388802293,-0.4817438186225662,-0.47227145913789237,"(101,)","(101,)",-4.811035450908531,-4.549477570258857,74.23999999999995,,,,,
927,-0.4770076388802293,-0.4817438186225662,-0.47227145913789237,"(101,)","(101,)",-4.811035450908531,-4.549477570258857,75.56653465346533,,,,,
928,-0.4770076388802293,-0.4817438186225662,-0.47227145913789237,"(101,)","(101,)",-4.811035450908531,-4.549477570258857,76.85089108910891,,,,,
929,-0.4770076388802293,-0.4817438186225662,-0.47227145913789237,"(101,)","(101,)",-4.811035450908531,-4.549477570258857,78.12138613861383,,,,,
930,-0.4770076388802293,-0.4817438186225662,-0.47227145913789237,"(101,)","(101,)",-4.811035450908531,-4.549477570258857,79.9638613861386,,,,,
931,-0.4770076388802293,-0.4817438186225662,-0.47227145913789237,"(101,)","(101,)",-4.811035450908531,-4.549477570258857,82.60940594059404,,,,,
932,-0.4770076388802293,-0.4817438186225662,-0.47227145913789237,"(101,)","(101,)",-4.811035450908531,-4.549477570258857,84.84990099009903,,,,,
933,-0.4770076388802293,-0.4817438186225662,-0.47227145913789237,"(101,)","(101,)",-4.811035450908531,-4.549477570258857,87.65881188118814,,,,,
934,-0.4770076388802293,-0.4817438186225662,-0.47227145913789237,"(101,)","(101,)",-4.811035450908531,-4.549477570258857,89.72168316831684,,,,,
935,-0.4770076388802293,-0.4817438186225662,-0.47227145913789237,"(101,)","(101,)",-4.811035450908531,-4.549477570258857,93.27000000000001,,,,,
936,-0.4770076388802293,-0.4817438186225662,-0.47227145913789237,"(101,)","(101,)",-4.811035450908531,-4.549477570258857,95.35999999999997,,,,,
937,-0.4770076388802293,-0.4817438186225662,-0.47227145913789237,"(101,)","(101,)",-4.811035450908531,-4.549477570258857,99.09000000000002,,,,,
938,-0.4770076388802293,-0.4817438186225662,-0.47227145913789237,"(101,)","(101,)",-4.811035450908531,-4.549477570258857,101.08000000000001,,,,,
939,-0.4770076388802293,-0.4817438186225662,-0.47227145913789237,"(101,)","(101,)",-4.811035450908531,-4.549477570258857,104.97999999999998,,,,,
940,-0.4770076388802293,-0.4817438186225662,-0.47227145913789237,"(101,)","(101,)",-4.811035450908531,-4.549477570258857,106.87000000000003,,,,,
941,-0.4770076388802293,-0.4817438186225662,-0.47227145913789237,"(101,)","(101,)",-4.811035450908531,-4.549477570258857,110.91000000000003,,,,,
942,-0.4770076388802293,-0.4817438186225662,-0.47227145913789237,"(101,)","(101,)",-4.811035450908531,-4.549477570258857,113.18999999999994,,,,,
943,-0.4770076388802293,-0.4817438186225662,-0.47227145913789237,"(101,)","(101,)",-4.811035450908531,-4.549477570258857,116.95,,,,,
944,-0.4770076388802293,-0.4817438186225662,-0.47227145913789237,"(101,)","(101,)",-4.811035450908531,-4.549477570258857,119.37980198019801,,,,,
945,-0.4770076388802293,-0.4817438186225662,-0.47227145913789237,"(101,)","(101,)",-4.811035450908531,-4.549477570258857,122.83792079207922,,,,,
946,-0.000588235294117647,-0.000588235294117647,-0.000588235294117647,(),(),0.006501587482352941,0.006501587482352941,20.815544554455442,,,,,
947,-0.000588235294117647,-0.000588235294117647,-0.000588235294117647,(),(),0.006501587482352941,0.006501587482352941,27.150895522388055,,,,,
948,-0.0009411764705882353,-0.0009411764705882353,-0.0009411764705882353,(),(),0.010402539971764706,0.010402539971764706,26.366160714285712,,,,,
949,-0.0018823529411764706,-0.0018823529411764706,-0.0018823529411764706,(),(),0.02080507994352941,0.02080507994352941,26.437445887445886,,,,,
950,0.0018823529411764706,0.0018823529411764706,0.0018823529411764706,(),(),-0.02080507994352941,-0.02080507994352941,26.539641434262947,,,,,
951,-0.0016470588235294116,-0.0016470588235294116,-0.0016470588235294116,(),(),0.018204444950588233,0.018204444950588233,26.59227091633466,,,,,
952,0.002,0.002,0.002,(),(),-0.02210539744,-0.02210539744,26.57199203187251,,,,,
953,-0.22309391284952448,-0.22309391284952448,-0.22309391284952448,(),(),-12.774056758262319,-12.774056758262319,24.90768844221105,,,-6.5,-6.5,()
954,-0.001764705882352941,-0.001764705882352941,-0.001764705882352941,(),(),0.019504762447058822,0.019504762447058822,26.3228855721393,,,,,
955,0.001764705882352941,0.001764705882352941,0.001764705882352941,(),(),-0.019504762447058822,-0.019504762447058822,26.531293532338307,,,,,
956,-0.0016470588235294116,-0.0016470588235294116,-0.0016470588235294116,(),(),0.018204444950588233,0.018204444950588233,26.296190476190475,,,,,
958,-0.001911764705882353,-0.001911764705882353,-0.001911764705882353,(),(),0.02113015931764706,0.02113015931764706,26.298160919540233,,,,,
959,-0.001911764705882353,-0.001911764705882353,-0.001911764705882353,(),(),0.02113015931764706,0.02113015931764706,26.35199004975124,,,,,
960,-0.001911764705882353,-0.001911764705882353,-0.001911764705882353,(),(),0.02113015931764706,0.02113015931764706,26.357089552238804,,,,,
961,0.001911764705882353,0.001911764705882353,0.001911764705882353,(),(),-0.02113015931764706,-0.02113015931764706,26.419999999999998,,,,,
962,0.001911764705882353,0.001911764705882353,0.001911764705882353,(),(),-0.02113015931764706,-0.02113015931764706,26.424,,,,,
963,0.002352941176470588,0.002352941176470588,0.002352941176470588,(),(),-0.026006349929411764,-0.026006349929411764,26.390780141843976,,,,,
964,0.002352941176470588,0.002352941176470588,0.002352941176470588,(),(),-0.026006349929411764,-0.026006349929411764,26.43635593220339,,,,,
965,-0.22309391284952448,-0.22309391284952448,-0.22309391284952448,(),(),-12.774056758262319,-12.774056758262319,24.879999999999995,,,-1.0,-1.0,()
966,-0.22309391284952448,-0.22309391284952448,-0.22309391284952448,(),(),-12.774056758262319,-12.774056758262319,24.853379371797725,,,-1.0,-1.0,()
967,-0.1938284972727457,-0.1938284972727457,-0.1938284972727457,(),(),-11.192537759141295,-11.192537759141295,25.254515243603574,,,0.0,0.0,()
968,-0.1938284972727457,-0.1938284972727457,-0.1938284972727457,(),(),-11.192537759141295,-11.192537759141295,24.999999999999996,,,0.0,0.0,()
969,-0.1938284972727457,-0.1938284972727457,-0.1938284972727457,(),(),-11.192537759141295,-11.192537759141295,25.00171074380165,,,0.0,0.0,()
970,-0.1938284972727457,-0.1938284972727457,-0.1938284972727457,(),(),-11.192537759141295,-11.192537759141295,25.003337998600415,,,0.0,0.0,()
971,-0.1938284972727457,-0.1938284972727457,-0.1938284972727457,(),(),-11.192537759141295,-11.192537759141295,25.015210273502596,,,0.0,0.0,()
972,-0.22309391284952448,-0.22309391284952448,-0.22309391284952448,(),(),-12.774056758262319,-12.774056758262319,25.006393406103804,,,-1.0,-1.0,()
983,0.002352941176470588,0.002352941176470588,0.002352941176470588,(),(),-0.026006349929411764,-0.026006349929411764,26.039999999999996,,,,,
984,0.002352941176470588,0.002352941176470588,0.002352941176470588,(),(),-0.026006349929411764,-0.026006349929411764,26.04,,,,,
985,0.002352941176470588,0.002352941176470588,0.002352941176470588,(),(),-0.026006349929411764,-0.026006349929411764,26.04,,,,,
986,0.002352941176470588,0.002352941176470588,0.002352941176470588,(),(),-0.026006349929411764,-0.026006349929411764,26.04,,,,,
987,0.002352941176470588,0.002352941176470588,0.002352941176470588,(),(),-0.026006349929411764,-0.026006349929411764,26.040000000000003,,,,,
988,0.002352941176470588,0.002352941176470588,0.002352941176470588,(),(),-0.026006349929411764,-0.026006349929411764,26.04,,,,,
990,0.05764847821238114,0.05764847821238114,0.05764847821238114,(),(),3.17279037946558,3.17279037946558,26.040000000000003,,,,,
992,0.05764847821238114,0.05764847821238114,0.05764847821238114,(),(),3.17279037946558,3.17279037946558,26.039999999999996,,,,,
995,0.05764847821238114,0.05764847821238114,0.05764847821238114,(),(),3.17279037946558,3.17279037946558,26.04,,,,,
996,0.05764847821238114,0.05764847821238114,0.05764847821238114,(),(),3.17279037946558,3.17279037946558,26.04,,,,,
997,0.05764847821238114,0.05764847821238114,0.05764847821238114,(),(),3.17279037946558,3.17279037946558,26.04,,,,,
998,0.05764847821238114,0.05764847821238114,0.05764847821238114,(),(),3.17279037946558,3.17279037946558,26.04,,,,,
999,0.05764847821238114,0.05764847821238114,0.05764847821238114,(),(),3.17279037946558,3.17279037946558,26.001442786069653,,,,,
1000,0.05764847821238114,0.05764847821238114,0.05764847821238114,(),(),3.17279037946558,3.17279037946558,25.915820895522387,,,,,
1001,0.05764847821238114,0.05764847821238114,0.05764847821238114,(),(),3.17279037946558,3.17279037946558,25.920696517412935,,,,,
1002,0.05764847821238114,0.05764847821238114,0.05764847821238114,(),(),3.17279037946558,3.17279037946558,25.877164179104476,,,,,
1003,0.05764847821238114,0.05764847821238114,0.05764847821238114,(),(),3.17279037946558,3.17279037946558,25.886268656716418,,,,,
1004,0.05764847821238114,0.05764847821238114,0.05764847821238114,(),(),3.17279037946558,3.17279037946558,25.891492537313436,,,,,
1005,0.05764847821238114,0.05764847821238114,0.05764847821238114,(),(),3.17279037946558,3.17279037946558,25.923731343283585,,,,,
1006,0.05764847821238114,0.05764847821238114,0.05764847821238114,(),(),3.17279037946558,3.17279037946558,25.891890547263678,,,,,
1007,0.05764847821238114,0.05764847821238114,0.05764847821238114,(),(),3.17279037946558,3.17279037946558,25.88109452736318,,,,,
1008,0.05764847821238114,0.05764847821238114,0.05764847821238114,(),(),3.17279037946558,3.17279037946558,25.876616915422886,,,,,
1009,0.05764847821238114,0.05764847821238114,0.05764847821238114,(),(),3.17279037946558,3.17279037946558,25.88233830845771,,,,,
1010,0.05764847821238114,0.05764847821238114,0.05764847821238114,(),(),3.17279037946558,3.17279037946558,25.883582089552238,,,,,
1011,0.05764847821238114,0.05764847821238114,0.05764847821238114,(),(),3.17279037946558,3.17279037946558,25.88109452736318,,,,,
1012,0.05764847821238114,0.05764847821238114,0.05764847821238114,(),(),3.17279037946558,3.17279037946558,25.858606965174133,,,,,
1013,0.05764847821238114,0.05764847821238114,0.05764847821238114,(),(),3.17279037946558,3.17279037946558,25.88373134328358,,,,,
1014,0.05764847821238114,0.05764847821238114,0.05764847821238114,(),(),3.17279037946558,3.17279037946558,25.863781094527365,,,,,
1015,0.05764847821238114,0.05764847821238114,0.05764847821238114,(),(),3.17279037946558,3.17279037946558,25.85223880597015,,,,,
1016,0.05764847821238114,0.05764847821238114,0.05764847821238114,(),(),3.17279037946558,3.17279037946558,25.876019900497514,,,,,
1017,0.05764847821238114,0.05764847821238114,0.05764847821238114,(),(),3.17279037946558,3.17279037946558,25.885174129353235,,,,,
1018,0.05764847821238114,0.05764847821238114,0.05764847821238114,(),(),3.17279037946558,3.17279037946558,25.889402985074625,,,,,
1019,0.05764847821238114,0.05764847821238114,0.05764847821238114,(),(),3.17279037946558,3.17279037946558,25.857761194029848,,,,,
1020,0.05764847821238114,0.05764847821238114,0.05764847821238114,(),(),3.17279037946558,3.17279037946558,25.860696517412933,,,,,
1021,0.05764847821238114,0.05764847821238114,0.05764847821238114,(),(),3.17279037946558,3.17279037946558,25.86412935323383,,,,,
1022,0.05764847821238114,0.05764847821238114,0.05764847821238114,(),(),3.17279037946558,3.17279037946558,25.858159203980104,,,,,
1023,0.05764847821238114,0.05764847821238114,0.05764847821238114,(),(),3.17279037946558,3.17279037946558,25.8520895522388,,,,,
1024,0.05764847821238114,0.05764847821238114,0.05764847821238114,(),(),3.17279037946558,3.17279037946558,25.83388059701493,,,,,
1025,0.05764847821238114,0.05764847821238114,0.05764847821238114,(),(),3.17279037946558,3.17279037946558,25.855572139303487,,,,,
1026,0.05764847821238114,0.05764847821238114,0.05764847821238114,(),(),3.17279037946558,3.17279037946558,25.834577114427862,,,,,
1027,0.05764847821238114,0.05764847821238114,0.05764847821238114,(),(),3.17279037946558,3.17279037946558,25.849950248756215,,,,,
1028,0.05764847821238114,0.05764847821238114,0.05764847821238114,(),(),3.17279037946558,3.17279037946558,25.85,,,,,
1029,0.05764847821238114,0.05764847821238114,0.05764847821238114,(),(),3.17279037946558,3.17279037946558,25.850945273631847,,,,,
1030,0.05764847821238114,0.05764847821238114,0.05764847821238114,(),(),3.17279037946558,3.17279037946558,25.843134328358207,,,,,
1031,0.05764847821238114,0.05764847821238114,0.05764847821238114,(),(),3.17279037946558,3.17279037946558,25.83169154228856,,,,,
1032,0.05764847821238114,0.05764847821238114,0.05764847821238114,(),(),3.17279037946558,3.17279037946558,25.82990049751244,,,,,
1033,0.05764847821238114,0.05764847821238114,0.05764847821238114,(),(),3.17279037946558,3.17279037946558,25.843582089552246,,,,,
1034,0.05764847821238114,0.05764847821238114,0.05764847821238114,(),(),3.17279037946558,3.17279037946558,25.84407960199005,,,,,
1035,0.05764847821238114,0.05764847821238114,0.05764847821238114,(),(),3.17279037946558,3.17279037946558,25.859950248756213,,,,,
1036,0.05764847821238114,0.05764847821238114,0.05764847821238114,(),(),3.17279037946558,3.17279037946558,25.8507960199005,,,,,
1037,0.05764847821238114,0.05764847821238114,0.05764847821238114,(),(),3.17279037946558,3.17279037946558,25.83218905472637,,,,,
1038,0.05764847821238114,0.05764847821238114,0.05764847821238114,(),(),3.17279037946558,3.17279037946558,25.82014925373134,,,,,
1039,0.05764847821238114,0.05764847821238114,0.05764847821238114,(),(),3.17279037946558,3.17279037946558,25.83174129353234,,,,,
1040,0.05764847821238114,0.05764847821238114,0.05764847821238114,(),(),3.17279037946558,3.17279037946558,25.82835820895522,,,,,
1041,0.05764847821238114,0.05764847821238114,0.05764847821238114,(),(),3.17279037946558,3.17279037946558,25.838756218905473,,,,,
1042,0.05764847821238114,0.05764847821238114,0.05764847821238114,(),(),3.17279037946558,3.17279037946558,25.838159203980105,,,,,
1043,0.05764847821238114,0.05764847821238114,0.05764847821238114,(),(),3.17279037946558,3.17279037946558,25.82597014925373,,,,,
1044,0.05764847821238114,0.05764847821238114,0.05764847821238114,(),(),3.17279037946558,3.17279037946558,25.838258706467666,,,,,
1045,0.05764847821238114,0.05764847821238114,0.05764847821238114,(),(),3.17279037946558,3.17279037946558,25.81771144278607,,,,,
1046,0.05764847821238114,0.05764847821238114,0.05764847821238114,(),(),3.17279037946558,3.17279037946558,25.842487562189056,,,,,
1047,0.05764847821238114,0.05764847821238114,0.05764847821238114,(),(),3.17279037946558,3.17279037946558,25.831094527363184,,,,,
1048,0.05764847821238114,0.05764847821238114,0.05764847821238114,(),(),3.17279037946558,3.17279037946558,25.82019900497513,,,,,
1049,0.05764847821238114,0.05764847821238114,0.05764847821238114,(),(),3.17279037946558,3.17279037946558,25.84706467661691,,,,,
1050,0.05764847821238114,0.05764847821238114,0.05764847821238114,(),(),3.17279037946558,3.17279037946558,25.821641791044776,,,,,
1051,0.05764847821238114,0.05764847821238114,0.05764847821238114,(),(),3.17279037946558,3.17279037946558,25.82507462686567,,,,,
1052,0.05764847821238114,0.05764847821238114,0.05764847821238114,(),(),3.17279037946558,3.17279037946558,25.821442786069653,,,,,
1053,0.05764847821238114,0.05764847821238114,0.05764847821238114,(),(),3.17279037946558,3.17279037946558,25.834278606965178,,,,,
1054,0.05764847821238114,0.05764847821238114,0.05764847821238114,(),(),3.17279037946558,3.17279037946558,25.821890547263685,,,,,
1055,0.05764847821238114,0.05764847821238114,0.05764847821238114,(),(),3.17279037946558,3.17279037946558,25.81592039800995,,,,,
1056,0.05764847821238114,0.05764847821238114,0.05764847821238114,(),(),3.17279037946558,3.17279037946558,25.84786069651741,,,,,
1057,0.05764847821238114,0.05764847821238114,0.05764847821238114,(),(),3.17279037946558,3.17279037946558,25.826417910447763,,,,,
1058,0.05764847821238114,0.05764847821238114,0.05764847821238114,(),(),3.17279037946558,3.17279037946558,25.823582089552243,,,,,
1059,0.05764847821238114,0.05764847821238114,0.05764847821238114,(),(),3.17279037946558,3.17279037946558,25.812935323383083,,,,,
1060,0.05764847821238114,0.05764847821238114,0.05764847821238114,(),(),3.17279037946558,3.17279037946558,25.81492537313433,,,,,
1061,0.05764847821238114,0.05764847821238114,0.05764847821238114,(),(),3.17279037946558,3.17279037946558,25.82218905472637,,,,,
1062,0.05764847821238114,0.05764847821238114,0.05764847821238114,(),(),3.17279037946558,3.17279037946558,25.83039800995025,,,,,
1063,0.05764847821238114,0.05764847821238114,0.05764847821238114,(),(),3.17279037946558,3.17279037946558,25.823333333333338,,,,,
1064,0.05764847821238114,0.05764847821238114,0.05764847821238114,(),(),3.17279037946558,3.17279037946558,25.817562189054726,,,,,
1065,0.05764847821238114,0.05764847821238114,0.05764847821238114,(),(),3.17279037946558,3.17279037946558,25.832437810945276,,,,,
1066,0.05764847821238114,0.05764847821238114,0.05764847821238114,(),(),3.17279037946558,3.17279037946558,25.82099502487562,,,,,
1067,0.05764847821238114,0.05764847821238114,0.05764847821238114,(),(),3.17279037946558,3.17279037946558,25.836567164179108,,,,,
1068,0.05764847821238114,0.05764847821238114,0.05764847821238114,(),(),3.17279037946558,3.17279037946558,25.82323383084577,,,,,
1069,0.05764847821238114,0.05764847821238114,0.05764847821238114,(),(),3.17279037946558,3.17279037946558,25.805522388059696,,,,,
1070,0.05764847821238114,0.05764847821238114,0.05764847821238114,(),(),3.17279037946558,3.17279037946558,25.81651741293532,,,,,
1071,0.05764847821238114,0.05764847821238114,0.05764847821238114,(),(),3.17279037946558,3.17279037946558,25.829004975124377,,,,,
1072,0.05764847821238114,0.05764847821238114,0.05764847821238114,(),(),3.17279037946558,3.17279037946558,25.824378109452745,,,,,
1073,0.05764847821238114,0.05764847821238114,0.05764847821238114,(),(),3.17279037946558,3.17279037946558,25.82019900497513,,,,,
1074,0.05764847821238114,0.05764847821238114,0.05764847821238114,(),(),3.17279037946558,3.17279037946558,25.806218905472637,,,,,
1075,0.05764847821238114,0.05764847821238114,0.05764847821238114,(),(),3.17279037946558,3.17279037946558,25.8139303482587,,,,,
1076,0.05764847821238114,0.05764847821238114,0.05764847821238114,(),(),3.17279037946558,3.17279037946558,25.800995024875625,,,,,
1077,0.05764847821238114,0.05764847821238114,0.05764847821238114,(),(),3.17279037946558,3.17279037946558,25.8019095477387,,,,,
1078,0.05764847821238114,0.05764847821238114,0.05764847821238114,(),(),3.17279037946558,3.17279037946558,25.954800000000002,,,,,
1079,0.05764847821238114,0.05764847821238114,0.05764847821238114,(),(),3.17279037946558,3.17279037946558,25.925323383084574,,,,,
1080,0.05764847821238114,0.05764847821238114,0.05764847821238114,(),(),3.17279037946558,3.17279037946558,25.74527638190956,,,,,
1081,0.05764847821238114,0.05764847821238114,0.05764847821238114,(),(),3.17279037946558,3.17279037946558,25.78146464646464,,,,,
1082,0.05764847821238114,0.05764847821238114,0.05764847821238114,(),(),3.17279037946558,3.17279037946558,25.79787878787879,,,,,
1083,0.05764847821238114,0.05764847821238114,0.05764847821238114,(),(),3.17279037946558,3.17279037946558,25.783618090452254,,,,,
1084,0.05764847821238114,0.05764847821238114,0.05764847821238114,(),(),3.17279037946558,3.17279037946558,25.77989795918367,,,,,
1085,0.05764847821238114,0.05764847821238114,0.05764847821238114,(),(),3.17279037946558,3.17279037946558,25.771928934010155,,,,,
1086,0.05764847821238114,0.05764847821238114,0.05764847821238114,(),(),3.17279037946558,3.17279037946558,25.78771573604061,,,,,
1087,0.05764847821238114,0.05764847821238114,0.05764847821238114,(),(),3.17279037946558,3.17279037946558,25.788769230769237,,,,,
1088,0.05764847821238114,0.05764847821238114,0.05764847821238114,(),(),3.17279037946558,3.17279037946558,25.78459183673469,,,,,
1089,0.05764847821238114,0.05764847821238114,0.05764847821238114,(),(),3.17279037946558,3.17279037946558,25.800101522842642,,,,,
1090,0.05764847821238114,0.05764847821238114,0.05764847821238114,(),(),3.17279037946558,3.17279037946558,25.785230769230775,,,,,
1091,0.05764847821238114,0.05764847821238114,0.05764847821238114,(),(),3.17279037946558,3.17279037946558,25.790816326530617,,,,,
1092,0.05764847821238114,0.05764847821238114,0.05764847821238114,(),(),3.17279037946558,3.17279037946558,25.781649484536082,,,,,
1093,0.05764847821238114,0.05764847821238114,0.05764847821238114,(),(),3.17279037946558,3.17279037946558,25.788659793814432,,,,,
1094,0.05764847821238114,0.05764847821238114,0.05764847821238114,(),(),3.17279037946558,3.17279037946558,25.786701030927837,,,,,
1095,0.05764847821238114,0.05764847821238114,0.05764847821238114,(),(),3.17279037946558,3.17279037946558,25.77438144329897,,,,,
1096,0.05764847821238114,0.05764847821238114,0.05764847821238114,(),(),3.17279037946558,3.17279037946558,25.7939175257732,,,,,
1097,0.002058823529411765,0.002058823529411765,0.002058823529411765,(),(),-0.022755556188235295,-0.022755556188235295,25.78777202072539,,,,,
1098,0.002058823529411765,0.002058823529411765,0.002058823529411765,(),(),-0.022755556188235295,-0.022755556188235295,25.785260416666667,,,,,
1099,0.002058823529411765,0.002058823529411765,0.002058823529411765,(),(),-0.022755556188235295,-0.022755556188235295,25.816262626262628,,,,,
1100,0.002058823529411765,0.002058823529411765,0.002058823529411765,(),(),-0.022755556188235295,-0.022755556188235295,25.816373056994827,,,,,
1101,0.002058823529411765,0.002058823529411765,0.002058823529411765,(),(),-0.022755556188235295,-0.022755556188235295,25.810264550264556,,,,,
1102,0.002058823529411765,0.002058823529411765,0.002058823529411765,(),(),-0.022755556188235295,-0.022755556188235295,25.80715846994535,,,,,
1103,0.002058823529411765,0.002058823529411765,0.002058823529411765,(),(),-0.022755556188235295,-0.022755556188235295,25.802972972972974,,,,,
1104,0.002058823529411765,0.002058823529411765,0.002058823529411765,(),(),-0.022755556188235295,-0.022755556188235295,25.85205555555556,,,,,
1105,0.002058823529411765,0.002058823529411765,0.002058823529411765,(),(),-0.022755556188235295,-0.022755556188235295,25.825591397849465,,,,,
1106,0.002058823529411765,0.002058823529411765,0.002058823529411765,(),(),-0.022755556188235295,-0.022755556188235295,25.83770491803279,,,,,
1107,0.002058823529411765,0.002058823529411765,0.002058823529411765,(),(),-0.022755556188235295,-0.022755556188235295,25.837391304347825,,,,,
1108,0.002058823529411765,0.002058823529411765,0.002058823529411765,(),(),-0.022755556188235295,-0.022755556188235295,25.84329670329671,,,,,
1109,0.002058823529411765,0.002058823529411765,0.002058823529411765,(),(),-0.022755556188235295,-0.022755556188235295,25.85521505376343,,,,,
1110,0.002058823529411765,0.002058823529411765,0.002058823529411765,(),(),-0.022755556188235295,-0.022755556188235295,25.831111111111113,,,,,
1111,0.002058823529411765,0.002058823529411765,0.002058823529411765,(),(),-0.022755556188235295,-0.022755556188235295,25.858956043956045,,,,,
1112,0.002058823529411765,0.002058823529411765,0.002058823529411765,(),(),-0.022755556188235295,-0.022755556188235295,25.858603351955306,,,,,
1113,0.002058823529411765,0.002058823529411765,0.002058823529411765,(),(),-0.022755556188235295,-0.022755556188235295,25.845675675675675,,,,,
1114,0.002058823529411765,0.002058823529411765,0.002058823529411765,(),(),-0.022755556188235295,-0.022755556188235295,25.823516483516485,,,,,
1115,0.002058823529411765,0.002058823529411765,0.002058823529411765,(),(),-0.022755556188235295,-0.022755556188235295,25.86212290502793,,,,,
1116,0.002058823529411765,0.002058823529411765,0.002058823529411765,(),(),-0.022755556188235295,-0.022755556188235295,25.83560693641618,,,,,
1117,0.002058823529411765,0.002058823529411765,0.002058823529411765,(),(),-0.022755556188235295,-0.022755556188235295,25.841807909604526,,,,,
1118,0.002058823529411765,0.002058823529411765,0.002058823529411765,(),(),-0.022755556188235295,-0.022755556188235295,25.864385964912284,,,,,
1119,0.002058823529411765,0.002058823529411765,0.002058823529411765,(),(),-0.022755556188235295,-0.022755556188235295,25.859022988505746,,,,,
1120,0.002058823529411765,0.002058823529411765,0.002058823529411765,(),(),-0.022755556188235295,-0.022755556188235295,25.841395348837214,,,,,
1121,0.002058823529411765,0.002058823529411765,0.002058823529411765,(),(),-0.022755556188235295,-0.022755556188235295,25.84620689655173,,,,,
1122,0.002058823529411765,0.002058823529411765,0.002058823529411765,(),(),-0.022755556188235295,-0.022755556188235295,25.866686046511628,,,,,
1123,0.002058823529411765,0.002058823529411765,0.002058823529411765,(),(),-0.022755556188235295,-0.022755556188235295,25.861754385964915,,,,,
1124,0.002058823529411765,0.002058823529411765,0.002058823529411765,(),(),-0.022755556188235295,-0.022755556188235295,25.86784883720931,,,,,
1125,0.002058823529411765,0.002058823529411765,0.002058823529411765,(),(),-0.022755556188235295,-0.022755556188235295,25.866235294117647,,,,,
1126,0.002058823529411765,0.002058823529411765,0.002058823529411765,(),(),-0.022755556188235295,-0.022755556188235295,25.881242603550294,,,,,
1127,0.002058823529411765,0.002058823529411765,0.002058823529411765,(),(),-0.022755556188235295,-0.022755556188235295,25.873662790697672,,,,,
1128,0.002058823529411765,0.002058823529411765,0.002058823529411765,(),(),-0.022755556188235295,-0.022755556188235295,25.87305882352941,,,,,
1129,0.002058823529411765,0.002058823529411765,0.002058823529411765,(),(),-0.022755556188235295,-0.022755556188235295,25.877126436781616,,,,,
1130,0.002058823529411765,0.002058823529411765,0.002058823529411765,(),(),-0.022755556188235295,-0.022755556188235295,25.85862857142858,,,,,
1131,0.002058823529411765,0.002058823529411765,0.002058823529411765,(),(),-0.022755556188235295,-0.022755556188235295,25.861616766467073,,,,,
1132,0.002058823529411765,0.002058823529411765,0.002058823529411765,(),(),-0.022755556188235295,-0.022755556188235295,25.868703703703705,,,,,
1133,0.002058823529411765,0.002058823529411765,0.002058823529411765,(),(),-0.022755556188235295,-0.022755556188235295,25.85682080924855,,,,,
1134,0.002058823529411765,0.002058823529411765,0.002058823529411765,(),(),-0.022755556188235295,-0.022755556188235295,25.872603550295857,,,,,
1135,0.002058823529411765,0.002058823529411765,0.002058823529411765,(),(),-0.022755556188235295,-0.022755556188235295,25.87305389221557,,,,,
1136,0.002058823529411765,0.002058823529411765,0.002058823529411765,(),(),-0.022755556188235295,-0.022755556188235295,25.87564971751413,,,,,
1137,0.002058823529411765,0.002058823529411765,0.002058823529411765,(),(),-0.022755556188235295,-0.022755556188235295,25.85581395348837,,,,,
1138,0.002058823529411765,0.002058823529411765,0.002058823529411765,(),(),-0.022755556188235295,-0.022755556188235295,25.853583815028905,,,,,
1139,0.002058823529411765,0.002058823529411765,0.002058823529411765,(),(),-0.022755556188235295,-0.022755556188235295,25.85801136363636,,,,,
1140,0.002058823529411765,0.002058823529411765,0.002058823529411765,(),(),-0.022755556188235295,-0.022755556188235295,25.86153409090909,,,,,
1141,0.002058823529411765,0.002058823529411765,0.002058823529411765,(),(),-0.022755556188235295,-0.022755556188235295,25.867604790419154,,,,,
1142,0.002058823529411765,0.002058823529411765,0.002058823529411765,(),(),-0.022755556188235295,-0.022755556188235295,25.859940476190474,,,,,
1143,0.002058823529411765,0.002058823529411765,0.002058823529411765,(),(),-0.022755556188235295,-0.022755556188235295,25.862616279069773,,,,,
1144,0.002058823529411765,0.002058823529411765,0.002058823529411765,(),(),-0.022755556188235295,-0.022755556188235295,25.86251428571428,,,,,
1145,0.002058823529411765,0.002058823529411765,0.002058823529411765,(),(),-0.022755556188235295,-0.022755556188235295,25.87895348837209,,,,,
1146,0.002058823529411765,0.002058823529411765,0.002058823529411765,(),(),-0.022755556188235295,-0.022755556188235295,25.874219653179196,,,,,
1147,0.002058823529411765,0.002058823529411765,0.002058823529411765,(),(),-0.022755556188235295,-0.022755556188235295,25.861637426900582,,,,,
1148,0.002058823529411765,0.002058823529411765,0.002058823529411765,(),(),-0.022755556188235295,-0.022755556188235295,25.86988235294117,,,,,
1149,0.002058823529411765,0.002058823529411765,0.002058823529411765,(),(),-0.022755556188235295,-0.022755556188235295,25.86867816091954,,,,,
1150,0.002058823529411765,0.002058823529411765,0.002058823529411765,(),(),-0.022755556188235295,-0.022755556188235295,25.864302325581402,,,,,
1151,0.002058823529411765,0.002058823529411765,0.002058823529411765,(),(),-0.022755556188235295,-0.022755556188235295,25.84477011494253,,,,,
1152,0.002058823529411765,0.002058823529411765,0.002058823529411765,(),(),-0.022755556188235295,-0.022755556188235295,25.87880681818182,,,,,
1153,0.002058823529411765,0.002058823529411765,0.002058823529411765,(),(),-0.022755556188235295,-0.022755556188235295,25.85494252873563,,,,,
1154,0.002058823529411765,0.002058823529411765,0.002058823529411765,(),(),-0.022755556188235295,-0.022755556188235295,25.852093023255815,,,,,
1155,0.002058823529411765,0.002058823529411765,0.002058823529411765,(),(),-0.022755556188235295,-0.022755556188235295,25.85793103448276,,,,,
1156,0.002058823529411765,0.002058823529411765,0.002058823529411765,(),(),-0.022755556188235295,-0.022755556188235295,25.842416107382547,,,,,
1157,0.002058823529411765,0.002058823529411765,0.002058823529411765,(),(),-0.022755556188235295,-0.022755556188235295,25.83789855072464,,,,,
1158,0.002058823529411765,0.002058823529411765,0.002058823529411765,(),(),-0.022755556188235295,-0.022755556188235295,25.855086705202307,,,,,
1159,0.002058823529411765,0.002058823529411765,0.002058823529411765,(),(),-0.022755556188235295,-0.022755556188235295,25.82148148148149,,,,,
1160,0.002058823529411765,0.002058823529411765,0.002058823529411765,(),(),-0.022755556188235295,-0.022755556188235295,25.826171874999996,,,,,
1161,0.002058823529411765,0.002058823529411765,0.002058823529411765,(),(),-0.022755556188235295,-0.022755556188235295,25.8,,,,,
1162,0.002058823529411765,0.002058823529411765,0.002058823529411765,(),(),-0.022755556188235295,-0.022755556188235295,25.84654545454546,,,,,
1163,0.002058823529411765,0.002058823529411765,0.002058823529411765,(),(),-0.022755556188235295,-0.022755556188235295,25.841999999999995,,,,,
1164,0.002058823529411765,0.002058823529411765,0.002058823529411765,(),(),-0.022755556188235295,-0.022755556188235295,25.770000000000007,,,,,
1165,0.002058823529411765,0.002058823529411765,0.002058823529411765,(),(),-0.022755556188235295,-0.022755556188235295,25.81199999999999,,,,,
1166,0.002058823529411765,0.002058823529411765,0.002058823529411765,(),(),-0.022755556188235295,-0.022755556188235295,25.853387096774195,,,,,
1167,0.002058823529411765,0.002058823529411765,0.002058823529411765,(),(),-0.022755556188235295,-0.022755556188235295,25.79,,,,,
1168,0.002058823529411765,0.002058823529411765,0.002058823529411765,(),(),-0.022755556188235295,-0.022755556188235295,25.789999999999996,,,,,
1169,0.002058823529411765,0.002058823529411765,0.002058823529411765,(),(),-0.022755556188235295,-0.022755556188235295,25.80625,,,,,
1170,0.002058823529411765,0.002058823529411765,0.002058823529411765,(),(),-0.022755556188235295,-0.022755556188235295,25.88,,,,,
1171,0.002058823529411765,0.002058823529411765,0.002058823529411765,(),(),-0.022755556188235295,-0.022755556188235295,25.88,,,,,
1172,0.002058823529411765,0.002058823529411765,0.002058823529411765,(),(),-0.022755556188235295,-0.022755556188235295,25.88,,,,,
1173,0.002058823529411765,0.002058823529411765,0.002058823529411765,(),(),-0.022755556188235295,-0.022755556188235295,25.88,,,,,
1174,0.002058823529411765,0.002058823529411765,0.002058823529411765,(),(),-0.022755556188235295,-0.022755556188235295,25.87,,,,,
1175,0.002058823529411765,0.002058823529411765,0.002058823529411765,(),(),-0.022755556188235295,-0.022755556188235295,25.85,,,,,
1176,0.002058823529411765,0.002058823529411765,0.002058823529411765,(),(),-0.022755556188235295,-0.022755556188235295,25.85,,,,,
1178,0.002058823529411765,0.002058823529411765,0.002058823529411765,(),(),-0.022755556188235295,-0.022755556188235295,25.85,,,,,
1182,0.002058823529411765,0.002058823529411765,0.002058823529411765,(),(),-0.022755556188235295,-0.022755556188235295,25.84,,,,,
1183,0.002058823529411765,0.002058823529411765,0.002058823529411765,(),(),-0.022755556188235295,-0.022755556188235295,25.84,,,,,
1184,0.002058823529411765,0.002058823529411765,0.002058823529411765,(),(),-0.022755556188235295,-0.022755556188235295,25.84,,,,,
1187,0.002058823529411765,0.002058823529411765,0.002058823529411765,(),(),-0.022755556188235295,-0.022755556188235295,25.86,,,,,
1188,0.002058823529411765,0.002058823529411765,0.002058823529411765,(),(),-0.022755556188235295,-0.022755556188235295,25.86,,,,,
1189,0.002058823529411765,0.002058823529411765,0.002058823529411765,(),(),-0.022755556188235295,-0.022755556188235295,25.86,,,,,
1193,0.002058823529411765,0.002058823529411765,0.002058823529411765,(),(),-0.022755556188235295,-0.022755556188235295,25.86,,,,,
1199,0.002058823529411765,0.002058823529411765,0.002058823529411765,(),(),-0.022755556188235295,-0.022755556188235295,25.859270833333326,,,,,
1200,0.002058823529411765,0.002058823529411765,0.002058823529411765,(),(),-0.022755556188235295,-0.022755556188235295,25.83600000000001,,,,,
1201,0.002058823529411765,0.002058823529411765,0.002058823529411765,(),(),-0.022755556188235295,-0.022755556188235295,25.846460674157303,,,,,
1202,0.002058823529411765,0.002058823529411765,0.002058823529411765,(),(),-0.022755556188235295,-0.022755556188235295,25.839886363636364,,,,,
1203,0.002058823529411765,0.002058823529411765,0.002058823529411765,(),(),-0.022755556188235295,-0.022755556188235295,25.812290502793296,,,,,
1204,0.002058823529411765,0.002058823529411765,0.002058823529411765,(),(),-0.022755556188235295,-0.022755556188235295,25.833258426966296,,,,,
1205,0.002058823529411765,0.002058823529411765,0.002058823529411765,(),(),-0.022755556188235295,-0.022755556188235295,25.833666666666677,,,,,
1206,0.002058823529411765,0.002058823529411765,0.002058823529411765,(),(),-0.022755556188235295,-0.022755556188235295,25.830611111111107,,,,,
1207,0.002058823529411765,0.002058823529411765,0.002058823529411765,(),(),-0.022755556188235295,-0.022755556188235295,25.847777777777775,,,,,
1208,0.002058823529411765,0.002058823529411765,0.002058823529411765,(),(),-0.022755556188235295,-0.022755556188235295,25.851067415730338,,,,,
1209,0.002058823529411765,0.002058823529411765,0.002058823529411765,(),(),-0.022755556188235295,-0.022755556188235295,25.83870786516854,,,,,
1210,0.002058823529411765,0.002058823529411765,0.002058823529411765,(),(),-0.022755556188235295,-0.022755556188235295,25.84505681818182,,,,,
1211,0.002058823529411765,0.002058823529411765,0.002058823529411765,(),(),-0.022755556188235295,-0.022755556188235295,25.848932584269665,,,,,
1212,0.002058823529411765,0.002058823529411765,0.002058823529411765,(),(),-0.022755556188235295,-0.022755556188235295,25.85316384180791,,,,,
1213,0.002058823529411765,0.002058823529411765,0.002058823529411765,(),(),-0.022755556188235295,-0.022755556188235295,25.8448,,,,,
1214,0.002058823529411765,0.002058823529411765,0.002058823529411765,(),(),-0.022755556188235295,-0.022755556188235295,25.85022988505748,,,,,
1215,0.002058823529411765,0.002058823529411765,0.002058823529411765,(),(),-0.022755556188235295,-0.022755556188235295,25.841600000000003,,,,,
1216,0.002058823529411765,0.002058823529411765,0.002058823529411765,(),(),-0.022755556188235295,-0.022755556188235295,25.84308571428572,,,,,
1217,0.002058823529411765,0.002058823529411765,0.002058823529411765,(),(),-0.022755556188235295,-0.022755556188235295,25.838612716763013,,,,,
1218,0.002058823529411765,0.002058823529411765,0.002058823529411765,(),(),-0.022755556188235295,-0.022755556188235295,25.835517241379314,,,,,
1219,0.002058823529411765,0.002058823529411765,0.002058823529411765,(),(),-0.022755556188235295,-0.022755556188235295,25.839593023255823,,,,,
1220,0.002058823529411765,0.002058823529411765,0.002058823529411765,(),(),-0.022755556188235295,-0.022755556188235295,25.833485714285718,,,,,
1221,0.002058823529411765,0.002058823529411765,0.002058823529411765,(),(),-0.022755556188235295,-0.022755556188235295,25.846686046511632,,,,,
1222,0.002058823529411765,0.002058823529411765,0.002058823529411765,(),(),-0.022755556188235295,-0.022755556188235295,25.81803571428571,,,,,
1223,0.002058823529411765,0.002058823529411765,0.002058823529411765,(),(),-0.022755556188235295,-0.022755556188235295,25.849883720930226,,,,,
1224,0.002058823529411765,0.002058823529411765,0.002058823529411765,(),(),-0.022755556188235295,-0.022755556188235295,25.83198830409357,,,,,
1225,0.002058823529411765,0.002058823529411765,0.002058823529411765,(),(),-0.022755556188235295,-0.022755556188235295,25.831279069767444,,,,,
1226,0.002058823529411765,0.002058823529411765,0.002058823529411765,(),(),-0.022755556188235295,-0.022755556188235295,25.836331360946744,,,,,
1227,0.002058823529411765,0.002058823529411765,0.002058823529411765,(),(),-0.022755556188235295,-0.022755556188235295,25.81023668639053,,,,,
1228,0.002058823529411765,0.002058823529411765,0.002058823529411765,(),(),-0.022755556188235295,-0.022755556188235295,25.846190476190475,,,,,
1229,0.002058823529411765,0.002058823529411765,0.002058823529411765,(),(),-0.022755556188235295,-0.022755556188235295,25.85017857142857,,,,,
1230,0.002058823529411765,0.002058823529411765,0.002058823529411765,(),(),-0.022755556188235295,-0.022755556188235295,25.840059523809522,,,,,
1231,0.002058823529411765,0.002058823529411765,0.002058823529411765,(),(),-0.022755556188235295,-0.022755556188235295,25.818214285714284,,,,,
1232,0.002058823529411765,0.002058823529411765,0.002058823529411765,(),(),-0.022755556188235295,-0.022755556188235295,25.822754491017967,,,,,
1233,0.002058823529411765,0.002058823529411765,0.002058823529411765,(),(),-0.022755556188235295,-0.022755556188235295,25.80982142857143,,,,,
1234,0.002058823529411765,0.002058823529411765,0.002058823529411765,(),(),-0.022755556188235295,-0.022755556188235295,25.82386904761905,,,,,
1235,0.002058823529411765,0.002058823529411765,0.002058823529411765,(),(),-0.022755556188235295,-0.022755556188235295,25.79688622754491,,,,,
1236,0.002058823529411765,0.002058823529411765,0.002058823529411765,(),(),-0.022755556188235295,-0.022755556188235295,25.80946107784432,,,,,
1237,0.002058823529411765,0.002058823529411765,0.002058823529411765,(),(),-0.022755556188235295,-0.022755556188235295,25.812787878787876,,,,,
1238,0.002058823529411765,0.002058823529411765,0.002058823529411765,(),(),-0.022755556188235295,-0.022755556188235295,25.80493902439025,,,,,
1239,0.002058823529411765,0.002058823529411765,0.002058823529411765,(),(),-0.022755556188235295,-0.022755556188235295,25.825853658536587,,,,,
1240,0.002058823529411765,0.002058823529411765,0.002058823529411765,(),(),-0.022755556188235295,-0.022755556188235295,25.81248484848485,,,,,
1241,0.002058823529411765,0.002058823529411765,0.002058823529411765,(),(),-0.022755556188235295,-0.022755556188235295,25.821349693251538,,,,,
1242,0.002058823529411765,0.002058823529411765,0.002058823529411765,(),(),-0.022755556188235295,-0.022755556188235295,25.814424242424238,,,,,
1243,0.002058823529411765,0.002058823529411765,0.002058823529411765,(),(),-0.022755556188235295,-0.022755556188235295,25.813515151515144,,,,,
1244,0.002058823529411765,0.002058823529411765,0.002058823529411765,(),(),-0.022755556188235295,-0.022755556188235295,25.819329268292677,,,,,
1245,0.002058823529411765,0.002058823529411765,0.002058823529411765,(),(),-0.022755556188235295,-0.022755556188235295,25.806585365853667,,,,,
1246,0.002058823529411765,0.002058823529411765,0.002058823529411765,(),(),-0.022755556188235295,-0.022755556188235295,25.80895705521472,,,,,
1247,0.002058823529411765,0.002058823529411765,0.002058823529411765,(),(),-0.022755556188235295,-0.022755556188235295,25.82635802469136,,,,,
1248,0.002058823529411765,0.002058823529411765,0.002058823529411765,(),(),-0.022755556188235295,-0.022755556188235295,25.803456790123455,,,,,
1249,0.002058823529411765,0.002058823529411765,0.002058823529411765,(),(),-0.022755556188235295,-0.022755556188235295,25.812624999999997,,,,,
1250,0.002058823529411765,0.002058823529411765,0.002058823529411765,(),(),-0.022755556188235295,-0.022755556188235295,25.819625000000002,,,,,
1251,-0.000588235294117647,-0.000588235294117647,-0.000588235294117647,(),(),0.006501587482352941,0.006501587482352941,33.46207920792079,,,,,
1252,-0.001176470588235294,-0.001176470588235294,-0.001176470588235294,(),(),0.013003174964705882,0.013003174964705882,32.16861333333334,,,,,
1253,0.001176470588235294,0.001176470588235294,0.001176470588235294,(),(),-0.013003174964705882,-0.013003174964705882,28.704837905236914,,,,,
1254,-0.0016470588235294116,-0.0016470588235294116,-0.0016470588235294116,(),(),0.018204444950588233,0.018204444950588233,27.85155378486056,,,,,
1255,0.002,0.002,0.002,(),(),-0.02210539744,-0.02210539744,27.79661354581673,,,,,
1256,0.002,0.002,0.002,(),(),-0.02210539744,-0.02210539744,27.845258964143426,,,,,
1257,0.002,0.002,0.002,(),(),-0.02210539744,-0.02210539744,27.87545816733068,,,,,
1258,0.002,0.002,0.002,(),(),-0.02210539744,-0.02210539744,27.948764940239048,,,,,
1259,-0.0015294117647058824,-0.0015294117647058824,-0.0015294117647058824,(),(),0.016904127454117648,0.016904127454117648,27.969760956175303,,,,,
1260,-0.22309391284952448,-0.22309391284952448,-0.22309391284952448,(),(),-12.774056758262319,-12.774056758262319,26.55921568627451,,,6.5,6.5,()
1261,-0.22309391284952448,-0.22309391284952448,-0.22309391284952448,(),(),-12.774056758262319,-12.774056758262319,26.205909012153167,,,6.5,6.5,()
1262,-0.22309391284952448,-0.22309391284952448,-0.22309391284952448,(),(),-12.774056758262319,-12.774056758262319,25.92710063543668,,,48.0,48.0,()
1263,-0.17912226007259163,-0.17912226007259163,-0.17912226007259163,(),(),-10.402590958016075,-10.402590958016075,25.83579331067435,,,48.0,48.0,()
1264,-0.22309391284952448,-0.22309391284952448,-0.22309391284952448,(),(),-12.774056758262319,-12.774056758262319,25.727625058785673,,,6.5,6.5,()
1265,-0.1938284972727457,-0.1938284972727457,-0.1938284972727457,(),(),-11.192537759141295,-11.192537759141295,25.62247368421052,,,0.0,0.0,()
1266,-0.1938284972727457,-0.1938284972727457,-0.1938284972727457,(),(),-11.192537759141295,-11.192537759141295,25.591262621311632,,,0.0,0.0,()
1267,-0.02970659204736704,-0.02970659204736704,-0.02970659204736704,(),(),-1.5766428085092603,-1.5766428085092603,25.564460431654673,,,-4.4,-4.4,()
1268,-0.02970659204736704,-0.02970659204736704,-0.02970659204736704,(),(),-1.5766428085092603,-1.5766428085092603,25.561959611802763,,,-3.4,-3.4,()
1269,-0.02970659204736704,-0.02970659204736704,-0.02970659204736704,(),(),-1.5766428085092603,-1.5766428085092603,25.551890350877198,,,-3.4,-3.4,()
1270,-0.02970659204736704,-0.02970659204736704,-0.02970659204736704,(),(),-1.5766428085092603,-1.5766428085092603,25.173873149691207,,,-3.4,-3.4,()
1271,-2.941176470588235e-06,-2.941176470588235e-06,-2.941176470588235e-06,(),(),3.250793741176471e-05,3.250793741176471e-05,26.924341637010674,,,,,
1272,-2.7450980392156863e-06,-2.7450980392156863e-06,-2.7450980392156863e-06,(),(),3.0340741584313727e-05,3.0340741584313727e-05,26.939634551495022,,,,,
1273,-0.10823813289535053,-0.10823813289535053,-0.10823813289535053,(),(),-6.423599808719396,-6.423599808719396,25.095420306736553,,,0.2,0.2,()
1274,-0.0003884413082709818,-0.0003884413082709818,-0.0003884413082709818,(),(),-0.02237640673497279,-0.02237640673497279,26.94651162790698,,,,,
1275,-0.0003884413082709818,-0.0003884413082709818,-0.0003884413082709818,(),(),-0.02237640673497279,-0.02237640673497279,27.23568106312292,,,,,
1276,-0.001176470588235294,-0.001176470588235294,-0.001176470588235294,(),(),0.013003174964705882,0.013003174964705882,25.17,,,-0.001,-0.001,()
1277,-0.001176470588235294,-0.001176470588235294,-0.001176470588235294,(),(),0.013003174964705882,0.013003174964705882,25.15953619272768,,,-0.001,-0.001,()
1278,-0.001176470588235294,-0.001176470588235294,-0.001176470588235294,(),(),0.013003174964705882,0.013003174964705882,25.177787346617134,,,0.007,0.007,()
1279,-0.001176470588235294,-0.001176470588235294,-0.001176470588235294,(),(),0.013003174964705882,0.013003174964705882,25.15982213216256,,,0.007,0.007,()
1280,-0.001176470588235294,-0.001176470588235294,-0.001176470588235294,(),(),0.013003174964705882,0.013003174964705882,25.194822132162557,,,-0.001,-0.001,()
1283,-0.02970659204736704,-0.02970659204736704,-0.02970659204736704,(),(),-1.5766428085092603,-1.5766428085092603,25.190129399078522,,,-3.4,-3.4,()
1286,-0.001176470588235294,-0.001176470588235294,-0.001176470588235294,(),(),0.013003174964705882,0.013003174964705882,25.197341120845497,,,-0.001,-0.001,()
1287,0.3127846091192166,0.3080484293768796,0.3175207888615535,"(101,)","(101,)",-1.7562007713579562,-1.4946428907082814,25.197025489783016,,,-0.001,0.007,"(141,)"
1288,0.13588590141330584,0.13588590141330584,0.13588590141330584,(),(),8.022998173416891,8.022998173416891,25.11871900826446,,,-4.0,-4.0,()
1289,0.13588590141330584,0.13588590141330584,0.13588590141330584,(),(),8.022998173416891,8.022998173416891,25.104724046662092,,,-4.0,-4.0,()
1290,0.13588590141330584,0.13588590141330584,0.13588590141330584,(),(),8.022998173416891,8.022998173416891,25.07892827004219,,,-2.5,-2.5,()
1291,0.13500354847212934,0.13500354847212934,0.13500354847212934,(),(),8.03275055464042,8.03275055464042,25.076785090273734,,,-4.0,-4.0,()
1292,-0.22177038343775982,-0.22177038343775982,-0.22177038343775982,(),(),-12.788685330097614,-12.788685330097614,25.085115468409587,,,5.0,5.0,()
1293,-0.22177038343775982,-0.22177038343775982,-0.22177038343775982,(),(),-12.788685330097614,-12.788685330097614,25.09119006018249,,,6.5,6.5,()
1294,-0.2211821481436422,-0.2211821481436422,-0.2211821481436422,(),(),-12.795186917579965,-12.795186917579965,25.070005881776293,,,6.5,6.5,()
1295,-0.2211821481436422,-0.2211821481436422,-0.2211821481436422,(),(),-12.795186917579965,-12.795186917579965,25.10723385432026,,,6.5,6.5,()
1296,-0.2202997952024657,-0.2202997952024657,-0.2202997952024657,(),(),-12.804939298803497,-12.804939298803497,25.098377610038238,,,6.5,6.5,()
1297,-0.2202997952024657,-0.2202997952024657,-0.2202997952024657,(),(),-12.804939298803497,-12.804939298803497,25.115503355704696,,,6.5,6.5,()
1298,-0.2205939128495245,-0.2205939128495245,-0.2205939128495245,(),(),-12.80168850506232,-12.80168850506232,25.126831987697035,,,6.5,6.5,()
1299,-0.05706024291826349,-0.05706024291826349,-0.05706024291826349,(),(),-3.1792919669479334,-3.1792919669479334,25.100000000000012,,,,,
1301,-0.22177038343775982,-0.22177038343775982,-0.22177038343775982,(),(),-12.788685330097614,-12.788685330097614,25.109999999999996,,,60.0,60.0,()
1302,-0.2205939128495245,-0.2205939128495245,-0.2205939128495245,(),(),-12.80168850506232,-12.80168850506232,25.1178206364513,,,60.0,60.0,()
1303,-0.05706024291826349,-0.05706024291826349,-0.05706024291826349,(),(),-3.1792919669479334,-3.1792919669479334,25.119999999999987,,,,,
1304,-0.22177038343775982,-0.22177038343775982,-0.22177038343775982,(),(),-12.788685330097614,-12.788685330097614,25.10868127643214,,,6.5,6.5,()
1305,-0.22177038343775982,-0.22177038343775982,-0.22177038343775982,(),(),-12.788685330097614,-12.788685330097614,25.116851211072664,,,6.5,6.5,()
1306,0.836337959839958,0.7156226454467871,1.000563480041545,"(17387,)","(17387,)",-0.4182532690512785,0.8159561670659173,25.11238799102778,,,,,
1307,0.836337959839958,0.7156226454467871,1.000563480041545,"(17387,)","(17387,)",-0.4182532690512785,0.8159561670659173,25.117668948064644,,,,,
1308,0.8359575093484404,0.7156226454467871,0.9988793587177711,"(4334,)","(4334,)",-0.4182532690512785,0.8118748767991176,25.176285186894326,,,,,
1309,0.8359575093484404,0.7156226454467871,0.9988793587177711,"(4334,)","(4334,)",-0.4182532690512785,0.8118748767991176,25.19185971389017,,,,,
1310,0.8115265814094442,0.6675578698194373,0.998399552903684,"(3984,)","(3984,)",-0.41318254720051034,0.8340121553336503,25.277843875502008,,,,,
1311,0.8115265814094442,0.6675578698194373,0.998399552903684,"(3984,)","(3984,)",-0.41318254720051034,0.8340121553336503,25.28309487951807,,,,,
1312,0.8115265814094442,0.6675578698194373,0.998399552903684,"(3984,)","(3984,)",-0.41318254720051034,0.8340121553336503,25.367462349397595,,,,,
1313,-0.002853012145913174,-0.002853012145913174,-0.002853012145913174,(),(),-0.15896459834739665,-0.15896459834739665,25.269603960396033,,,,,
1314,0.002853012145913174,0.002853012145913174,0.002853012145913174,(),(),0.15896459834739665,0.15896459834739665,26.46099009900991,,,,,
1315,-0.002853012145913174,-0.002853012145913174,-0.002853012145913174,(),(),-0.15896459834739665,-0.15896459834739665,25.88405940594059,,,,,
1316,-0.002853012145913174,-0.002853012145913174,-0.002853012145913174,(),(),-0.15896459834739665,-0.15896459834739665,26.277128712871274,,,,,
1317,0.002853012145913174,0.002853012145913174,0.002853012145913174,(),(),0.15896459834739665,0.15896459834739665,26.308712871287142,,,,,
1318,-0.006956059776547642,-0.006956059776547642,-0.006956059776547642,(),(),-0.3993619721131975,-0.3993619721131975,26.217609561752987,,,,,
1319,0.006956059776547642,0.006956059776547642,0.006956059776547642,(),(),0.3993619721131975,0.3993619721131975,26.04398406374501,,,,,
1320,-0.13794472494271756,-0.13794472494271756,-0.13794472494271756,(),(),-8.000242617228658,-8.000242617228658,26.065469061876243,,,,,
1321,-0.06897236247135878,-0.06897236247135878,-0.06897236247135878,(),(),-4.000121308614329,-4.000121308614329,25.220830104496887,,,0.0,0.0,()
1322,0.006897236247135877,0.006897236247135877,0.006897236247135877,(),(),0.4000121308614328,0.4000121308614328,25.403053892215574,,,,,
1323,-0.0027588944988543506,-0.0027588944988543506,-0.0027588944988543506,(),(),-0.16000485234457315,-0.16000485234457315,25.626986027944113,,,,,
1324,-0.0027588944988543506,-0.0027588944988543506,-0.0027588944988543506,(),(),-0.16000485234457315,-0.16000485234457315,25.79481037924152,,,,,
1325,-0.0027588944988543506,-0.0027588944988543506,-0.0027588944988543506,(),(),-0.16000485234457315,-0.16000485234457315,25.854351297405184,,,,,
1326,-0.0027588944988543506,-0.0027588944988543506,-0.0027588944988543506,(),(),-0.16000485234457315,-0.16000485234457315,25.847504990019967,,,,,
1327,-0.0027588944988543506,-0.0027588944988543506,-0.0027588944988543506,(),(),-0.16000485234457315,-0.16000485234457315,25.824451097804385,,,,,
1328,-0.0027588944988543506,-0.0027588944988543506,-0.0027588944988543506,(),(),-0.16000485234457315,-0.16000485234457315,25.83175648702595,,,,,
1330,0.9704078246011041,0.9703672805359103,0.9704483686662976,"(201,)","(201,)",0.39969219018407504,0.5987959475091349,25.590746268656716,,,,,
1331,0.8115265814094442,0.6675578698194373,0.998399552903684,"(3984,)","(3984,)",-0.41318254720051034,0.8340121553336503,25.324307228915664,,,,,
1332,0.9704078246011041,0.9703672805359103,0.9704483686662976,"(201,)","(201,)",0.39969219018407504,0.5987959475091349,25.260199004975128,,,,,
1333,0.9704078246011041,0.9703672805359103,0.9704483686662976,"(201,)","(201,)",0.39969219018407504,0.5987959475091349,25.225666903577345,,,0.0,0.1,"(21,)"
1334,0.9704078246011041,0.9703672805359103,0.9704483686662976,"(201,)","(201,)",0.39969219018407504,0.5987959475091349,25.455740015661714,,,0.1,1.0,"(31,)"
1335,0.9704078246011041,0.9703672805359103,0.9704483686662976,"(201,)","(201,)",0.39969219018407504,0.5987959475091349,25.23684671878702,,,0.0,0.1,"(21,)"
1336,0.9704078246011041,0.9703672805359103,0.9704483686662976,"(201,)","(201,)",0.39969219018407504,0.5987959475091349,25.259758308157096,,,0.1,1.0,"(31,)"
1337,-0.055883772330028184,-0.055883772330028184,-0.055883772330028184,(),(),-3.192295141912639,-3.192295141912639,25.807164179104483,,,,,
1338,-0.055883772330028184,-0.055883772330028184,-0.055883772330028184,(),(),-3.192295141912639,-3.192295141912639,25.150230037929163,,,0.0,0.0,()
1339,0.9704078246011039,0.9703672805359103,0.9704483686662976,"(101,)","(101,)",0.39969219018407504,0.5987959475091349,25.519999999999996,,,-50.0,50.0,"(51,)"
1340,0.9704078246011038,0.9703672805359103,0.9704483686662976,"(51,)","(51,)",0.39969219018407504,0.5987959475091349,25.211495578623605,,,-50.0,50.0,"(51,)"
1341,0.9704078246011038,0.9703672805359103,0.9704483686662976,"(51,)","(51,)",0.39969219018407504,0.5987959475091349,25.11923490965013,,,-50.0,50.0,"(51,)"
1342,0.9704078246011038,0.9703672805359103,0.9704483686662976,"(51,)","(51,)",0.39969219018407504,0.5987959475091349,25.136439830834295,,,-50.0,50.0,"(51,)"
1343,0.9704078246011038,0.9703672805359103,0.9704483686662976,"(51,)","(51,)",0.39969219018407504,0.5987959475091349,25.23145183175033,,,-50.0,50.0,"(51,)"
1344,0.9704078246011038,0.9703672805359103,0.9704483686662976,"(51,)","(51,)",0.39969219018407504,0.5987959475091349,25.17551282051282,,,-50.0,50.0,"(26,)"
1345,0.9704078246011038,0.9703672805359103,0.9704483686662976,"(51,)","(51,)",0.39969219018407504,0.5987959475091349,25.158340874811458,,,-50.0,0.0,"(26,)"
1346,0.9704078246011038,0.9703672805359103,0.9704483686662976,"(51,)","(51,)",0.39969219018407504,0.5987959475091349,25.143182503770742,,,0.0,50.0,"(26,)"
1347,0.8115265814094442,0.6675578698194373,0.998399552903684,"(3984,)","(3984,)",-0.41318254720051034,0.8340121553336503,25.12908885542168,,,,,
1348,0.811432654451675,0.5972185088187889,1.0531943926461513,"(2229,)","(2229,)",-0.04639905108920355,0.6631389612699692,25.126814469078166,,,,,
1349,0.8136599875942633,0.5972080978458945,1.0620026328129155,"(2441,)","(2441,)",-0.04509471063787579,0.7652926047104864,25.1248,,,,,
1350,0.8110212984360636,0.5971162092098035,1.0504109373033543,"(2480,)","(2480,)",-0.04732350515304924,0.76299693923578,25.111568548387094,,,,,
1351,0.8110212984360636,0.5971162092098035,1.0504109373033543,"(2480,)","(2480,)",-0.04732350515304924,0.76299693923578,25.15847580645161,,,,,
1352,0.8110212984360636,0.5971162092098035,1.0504109373033543,"(2480,)","(2480,)",-0.04732350515304924,0.76299693923578,25.163028225806453,,,,,
1353,0.8147894916794147,0.5970256864496924,1.0516268305379812,"(8080,)","(8080,)",0.13012129380052892,0.7654464112678433,25.094647277227722,,,,,
1354,0.8147894916794147,0.5970256864496924,1.0516268305379812,"(8080,)","(8080,)",0.13012129380052892,0.7654464112678433,25.102826732673268,,,,,
1355,0.8147894916794147,0.5970256864496924,1.0516268305379812,"(8080,)","(8080,)",0.13012129380052892,0.7654464112678433,25.100000000000005,,,,,
1358,0.17868108360200338,0.17868108360200338,0.17868108360200338,(),(),10.407467148627843,10.407467148627843,25.119999999999987,,,,,
1359,-0.058823529411764705,-0.058823529411764705,-0.058823529411764705,(),(),0.6501587482352942,0.6501587482352942,25.11925925925925,,,0.05,0.05,()
1360,-0.058823529411764705,-0.058823529411764705,-0.058823529411764705,(),(),0.6501587482352942,0.6501587482352942,25.200749999999992,,,0.05,0.05,()
1364,-0.058823529411764705,-0.058823529411764705,-0.058823529411764705,(),(),0.6501587482352942,0.6501587482352942,25.131612903225808,,,2.0,2.0,()
1365,-0.058823529411764705,-0.058823529411764705,-0.058823529411764705,(),(),0.6501587482352942,0.6501587482352942,25.14882352941176,,,1.0,1.0,()
1366,-0.058823529411764705,-0.058823529411764705,-0.058823529411764705,(),(),0.6501587482352942,0.6501587482352942,25.330666666666666,,,0.05,0.05,()
1367,-0.058823529411764705,-0.058823529411764705,-0.058823529411764705,(),(),0.6501587482352942,0.6501587482352942,25.16358395989975,,,0.05,0.05,()
1368,-0.058823529411764705,-0.058823529411764705,-0.058823529411764705,(),(),0.6501587482352942,0.6501587482352942,25.188472222222224,,,0.05,0.05,()
1369,-0.058823529411764705,-0.058823529411764705,-0.058823529411764705,(),(),0.6501587482352942,0.6501587482352942,25.174419889502758,,,1.0,1.0,()
1370,-0.0029411764705882353,-0.0029411764705882353,-0.0029411764705882353,(),(),0.032507937411764706,0.032507937411764706,25.16,,,,,
1371,-0.05706024291826349,-0.05706024291826349,-0.05706024291826349,(),(),-3.1792919669479334,-3.1792919669479334,25.165247524752484,,,,,
1372,-0.05706024291826349,-0.05706024291826349,-0.05706024291826349,(),(),-3.1792919669479334,-3.1792919669479334,25.144750514655428,,,0.0,0.0,()
1373,-0.05706024291826349,-0.05706024291826349,-0.05706024291826349,(),(),-3.1792919669479334,-3.1792919669479334,25.23107048328595,,,0.1,0.1,()
1374,-0.05706024291826349,-0.05706024291826349,-0.05706024291826349,(),(),-3.1792919669479334,-3.1792919669479334,25.575346534653466,,,,,
1375,0.9670152461612299,0.9666498297787793,0.9673806625436808,"(101,)","(101,)",0.028941303449294044,0.22086362908413226,25.332673267326726,,,,,
1377,0.9670152461612299,0.9666498297787793,0.9673806625436808,"(101,)","(101,)",0.028941303449294044,0.22086362908413226,25.270269058295973,,,0.0,0.1,"(101,)"
1378,1.0052307101003928,1.0051901660351987,1.0052712541655864,"(101,)","(101,)",0.4477345969687705,0.6468383542938304,25.265445544554474,,,,,
1379,1.0052307101003928,1.0051901660351987,1.0052712541655864,"(101,)","(101,)",0.4477345969687705,0.6468383542938304,25.225998278829607,,,0.0,0.1,"(101,)"
1380,1.0052307101003928,1.0051901660351987,1.0052712541655864,"(101,)","(101,)",0.4477345969687705,0.6468383542938304,25.213069306930706,,,,,
1381,1.0052307101003928,1.0051901660351987,1.0052712541655864,"(101,)","(101,)",0.4477345969687705,0.6468383542938304,25.20393588863837,,,0.0,0.1,"(101,)"
1382,1.0052307101003928,1.0051901660351987,1.0052712541655864,"(101,)","(101,)",0.4477345969687705,0.6468383542938304,25.2756249387315,,,0.1,1.0,"(101,)"
1383,1.0052307101003928,1.0051901660351987,1.0052712541655864,"(101,)","(101,)",0.4477345969687705,0.6468383542938304,25.203398686403293,,,-0.1,0.0,"(101,)"
1385,-0.028530121459131745,-0.028530121459131745,-0.028530121459131745,(),(),-1.5896459834739667,-1.5896459834739667,25.180000000000007,,,,,
1386,-0.028530121459131745,-0.028530121459131745,-0.028530121459131745,(),(),-1.5896459834739667,-1.5896459834739667,25.180000000000007,,,,,
1387,-0.027941886165014092,-0.027941886165014092,-0.027941886165014092,(),(),-1.5961475709563195,-1.5961475709563195,25.18,,,,,
1388,0.027941886165014092,0.027941886165014092,0.027941886165014092,(),(),1.5961475709563195,1.5961475709563195,25.18,,,,,
1389,-0.027941886165014092,-0.027941886165014092,-0.027941886165014092,(),(),-1.5961475709563195,-1.5961475709563195,25.18865671641791,,,,,
1391,-0.027941886165014092,-0.027941886165014092,-0.027941886165014092,(),(),-1.5961475709563195,-1.5961475709563195,25.244105216491796,,,0.0,0.0,()
1392,-0.027941886165014092,-0.027941886165014092,-0.027941886165014092,(),(),-1.5961475709563195,-1.5961475709563195,25.23127973991429,,,0.0,0.0,()
1393,-0.027941886165014092,-0.027941886165014092,-0.027941886165014092,(),(),-1.5961475709563195,-1.5961475709563195,25.17045219447318,,,0.0,0.0,()
1394,-0.027941886165014092,-0.027941886165014092,-0.027941886165014092,(),(),-1.5961475709563195,-1.5961475709563195,25.17063642185114,,,0.0,0.0,()
1395,-0.027941886165014092,-0.027941886165014092,-0.027941886165014092,(),(),-1.5961475709563195,-1.5961475709563195,25.320000000000004,,,0.0,0.0,()
1396,-0.014265060729565873,-0.014265060729565873,-0.014265060729565873,(),(),-0.7948229917369833,-0.7948229917369833,25.257429867986794,,,0.0,0.0,()
1397,-0.014265060729565873,-0.014265060729565873,-0.014265060729565873,(),(),-0.7948229917369833,-0.7948229917369833,25.25408176301501,,,0.023,0.023,()
1398,-0.014265060729565873,-0.014265060729565873,-0.014265060729565873,(),(),-0.7948229917369833,-0.7948229917369833,25.22490099009901,,,0.0,0.0,()
1399,-0.014265060729565873,-0.014265060729565873,-0.014265060729565873,(),(),-0.7948229917369833,-0.7948229917369833,25.233505538672677,,,0.0,0.0,()
1400,-0.007132530364782936,-0.007132530364782936,-0.007132530364782936,(),(),-0.39741149586849167,-0.39741149586849167,25.17773264857658,,,0.1,0.1,()
1401,0.0027647768517955274,0.0027647768517955274,0.0027647768517955274,(),(),0.1599398364697496,0.1599398364697496,25.67214463840399,,,,,
1402,-0.0026765415576778806,-0.0026765415576778806,-0.0026765415576778806,(),(),-0.16091507459210252,-0.16091507459210252,25.55165562913907,,,,,
1403,-0.006897236247135877,-0.006897236247135877,-0.006897236247135877,(),(),-0.4000121308614328,-0.4000121308614328,25.635289421157683,,,,,
1404,0.006897236247135877,0.006897236247135877,0.006897236247135877,(),(),0.4000121308614328,0.4000121308614328,25.783872255489023,,,,,
1405,-0.013794472494271754,-0.013794472494271754,-0.013794472494271754,(),(),-0.8000242617228656,-0.8000242617228656,26.172554890219562,,,,,
1406,0.013794472494271754,0.013794472494271754,0.013794472494271754,(),(),0.8000242617228656,0.8000242617228656,26.177085828343316,,,,,
1407,-0.013559178376624695,-0.013559178376624695,-0.013559178376624695,(),(),-0.8026248967158067,-0.8026248967158067,26.0593625498008,,,,,
1408,-0.027588944988543508,-0.027588944988543508,-0.027588944988543508,(),(),-1.6000485234457311,-1.6000485234457311,26.06385229540918,,,,,
1409,0.027588944988543508,0.027588944988543508,0.027588944988543508,(),(),1.6000485234457311,1.6000485234457311,25.994211576846308,,,,,
1410,-0.027588944988543508,-0.027588944988543508,-0.027588944988543508,(),(),-1.6000485234457311,-1.6000485234457311,26.0085628742515,,,,,
1411,0.027588944988543508,0.027588944988543508,0.027588944988543508,(),(),1.6000485234457311,1.6000485234457311,26.053406593406592,,,,,
1412,-0.0002941176470588235,-0.0002941176470588235,-0.0002941176470588235,(),(),0.0032507937411764705,0.0032507937411764705,25.91084577114428,,,,,
1413,0.027647768517955276,0.027647768517955276,0.027647768517955276,(),(),1.5993983646974956,1.5993983646974956,25.96491271820449,,,,,
1414,-0.027647768517955276,-0.027647768517955276,-0.027647768517955276,(),(),-1.5993983646974956,-1.5993983646974956,26.02279301745636,,,,,
1415,0.027647768517955276,0.027647768517955276,0.027647768517955276,(),(),1.5993983646974956,1.5993983646974956,26.00910224438903,,,,,
1416,-0.027647768517955276,-0.027647768517955276,-0.027647768517955276,(),(),-1.5993983646974956,-1.5993983646974956,26.005187032418952,,,,,
1417,0.007132530364782936,0.007132530364782936,0.007132530364782936,(),(),0.39741149586849167,0.39741149586849167,25.274587294140883,,,0.1,0.1,()
1418,1.0052307101003928,1.0051901660351987,1.0052712541655864,"(101,)","(101,)",0.4477345969687705,0.6468383542938304,25.482574257425746,,,,,
1419,1.0052307101003928,1.0051901660351987,1.0052712541655864,"(101,)","(101,)",0.4477345969687705,0.6468383542938304,30.47554455445545,,,,,
1420,1.0052307101003928,1.0051901660351987,1.0052712541655864,"(101,)","(101,)",0.4477345969687705,0.6468383542938304,63.71148514851485,,,,,
1421,1.0052307101003928,1.0051901660351987,1.0052712541655864,"(101,)","(101,)",0.4477345969687705,0.6468383542938304,125.82990099009899,,,,,
1422,1.0052307101003928,1.0051901660351987,1.0052712541655864,"(101,)","(101,)",0.4477345969687705,0.6468383542938304,171.4618811881189,,,,,
1423,1.0052307101003928,1.0051901660351987,1.0052712541655864,"(101,)","(101,)",0.4477345969687705,0.6468383542938304,247.46999999999997,,,,,
1424,1.0052307101003928,1.0051901660351987,1.0052712541655864,"(101,)","(101,)",0.4477345969687705,0.6468383542938304,331.71000000000004,,,,,
1425,1.0052307101003928,1.0051901660351987,1.0052712541655864,"(101,)","(101,)",0.4477345969687705,0.6468383542938304,149.9060330470133,,,0.0,6.0,"(151,)"
1426,-0.028530121459131745,-0.028530121459131745,-0.028530121459131745,(),(),-1.5896459834739667,-1.5896459834739667,118.77942637120853,,,5.0,5.0,()
1427,-0.028530121459131745,-0.028530121459131745,-0.028530121459131745,(),(),-1.5896459834739667,-1.5896459834739667,117.17082193933679,,,5.0,5.0,()
1428,1.0052307101003928,1.0051901660351987,1.0052712541655864,"(101,)","(101,)",0.4477345969687705,0.6468383542938304,374.67999999999995,,,0.0,6.0,"(151,)"
1429,1.0052307101003928,1.0051901660351987,1.0052712541655864,"(101,)","(101,)",0.4477345969687705,0.6468383542938304,150.45787686053376,,,0.0,6.0,"(151,)"
1430,1.0052307101003928,1.0051901660351987,1.0052712541655864,"(101,)","(101,)",0.4477345969687705,0.6468383542938304,162.49146290864869,,,0.0,6.0,"(151,)"
1431,1.0052307101003928,1.0051901660351987,1.0052712541655864,"(101,)","(101,)",0.4477345969687705,0.6468383542938304,25.647966488956577,,,0.0,0.47999999999999954,"(13,)"
1432,-0.007132530364782936,-0.007132530364782936,-0.007132530364782936,(),(),-0.39741149586849167,-0.39741149586849167,26.065346534653475,,,,,
1433,0.007132530364782936,0.007132530364782936,0.007132530364782936,(),(),0.39741149586849167,0.39741149586849167,26.029108910891093,,,,,
1434,-0.007132530364782936,-0.007132530364782936,-0.007132530364782936,(),(),-0.39741149586849167,-0.39741149586849167,26.516930693069312,,,,,
1435,0.007132530364782936,0.007132530364782936,0.007132530364782936,(),(),0.39741149586849167,0.39741149586849167,26.080990099009888,,,,,
1436,-0.013912119553095284,-0.013912119553095284,-0.013912119553095284,(),(),-0.798723944226395,-0.798723944226395,26.193426294820714,,,,,
1437,0.013912119553095284,0.013912119553095284,0.013912119553095284,(),(),0.798723944226395,0.798723944226395,26.060876494023905,,,,,
1438,0.6980325991560613,0.4005040129858077,1.0566386673422103,"(35875,)","(35875,)",-0.03701122224576331,2.4688204804391,25.26833477351916,,,,,
1439,-0.058823529411764705,-0.058823529411764705,-0.058823529411764705,(),(),0.6501587482352942,0.6501587482352942,25.327954545454546,,,0.05,0.05,()
1440,-0.058823529411764705,-0.058823529411764705,-0.058823529411764705,(),(),0.6501587482352942,0.6501587482352942,25.316550000000007,,,0.05,0.05,()
1441,-0.058823529411764705,-0.058823529411764705,-0.058823529411764705,(),(),0.6501587482352942,0.6501587482352942,25.333333333333325,,,1.0,1.0,()
1442,0.6980325991560613,0.4005040129858077,1.0566386673422103,"(35875,)","(35875,)",-0.03701122224576331,2.4688204804391,26.85,,,,,
1443,0.6980325991560613,0.4005040129858077,1.0566386673422103,"(35875,)","(35875,)",-0.03701122224576331,2.4688204804391,25.374051567944257,,,,,
1444,0.856332239738345,0.6978690911194285,1.0581252557513916,"(43276,)","(43276,)",0.15587274850983526,1.9562765309792718,25.26951012108328,,,,,
1445,5.882352941176471e-05,5.882352941176471e-05,5.882352941176471e-05,(),(),-0.0006501587482352941,-0.0006501587482352941,25.627128712871283,,,,,
1446,-0.0027647768517955274,-0.0027647768517955274,-0.0027647768517955274,(),(),-0.1599398364697496,-0.1599398364697496,25.588229426433916,,,,,
1447,0.002750070969442586,0.002750070969442586,0.002750070969442586,(),(),0.16010237615680842,0.16010237615680842,25.499513108614234,,,,,
1448,-0.0027647768517955274,-0.0027647768517955274,-0.0027647768517955274,(),(),-0.1599398364697496,-0.1599398364697496,25.469052369077307,,,,,
1449,0.0027647768517955274,0.0027647768517955274,0.0027647768517955274,(),(),0.1599398364697496,0.1599398364697496,25.434438902743143,,,,,
1450,-0.007132530364782936,-0.007132530364782936,-0.007132530364782936,(),(),-0.39741149586849167,-0.39741149586849167,25.39768748161945,,,0.1,0.1,()
1451,-0.0033236003812072918,-0.0033236003812072918,-0.0033236003812072918,(),(),-0.15376332836151432,-0.15376332836151432,25.752162162162165,,,,,
1452,0.028530121459131745,0.028530121459131745,0.028530121459131745,(),(),1.5896459834739667,1.5896459834739667,26.175445544554453,,,,,
1453,-0.028530121459131745,-0.028530121459131745,-0.028530121459131745,(),(),-1.5896459834739667,-1.5896459834739667,26.62871287128714,,,,,
1454,0.027486003812072918,0.027486003812072918,0.027486003812072918,(),(),1.6011863012551428,1.6011863012551428,26.420847880299256,,,,,
1455,0.0027647768517955274,0.0027647768517955274,0.0027647768517955274,(),(),0.1599398364697496,0.1599398364697496,26.00391521197007,,,,,
1456,-0.0027647768517955274,-0.0027647768517955274,-0.0027647768517955274,(),(),-0.1599398364697496,-0.1599398364697496,25.85416458852868,,,,,
1457,0.8563183545674319,0.6978690911194285,1.0581252557513916,"(34617,)","(34617,)",0.1576646823257609,1.9562765309792718,25.298736458965248,,,,,
1458,0.9188880432422164,0.798728801563249,1.0573088180402488,"(9169,)","(9169,)",0.15469050834121845,0.7566601750572559,25.33069909477588,,,,,
1459,5.882352941176471e-05,5.882352941176471e-05,5.882352941176471e-05,(),(),-0.0006501587482352941,-0.0006501587482352941,25.335841584158405,,,,,
1460,5.882352941176471e-05,5.882352941176471e-05,5.882352941176471e-05,(),(),-0.0006501587482352941,-0.0006501587482352941,25.617821782178208,,,,,
1461,5.882352941176471e-05,5.882352941176471e-05,5.882352941176471e-05,(),(),-0.0006501587482352941,-0.0006501587482352941,25.597128712871285,,,,,
1462,-0.0027941886165014094,-0.0027941886165014094,-0.0027941886165014094,(),(),-0.15961475709563194,-0.15961475709563194,25.52851485148514,,,,,
1463,5.882352941176471e-05,5.882352941176471e-05,5.882352941176471e-05,(),(),-0.0006501587482352941,-0.0006501587482352941,25.58326732673267,,,,,
1464,-0.0027941886165014094,-0.0027941886165014094,-0.0027941886165014094,(),(),-0.15961475709563194,-0.15961475709563194,25.6144776119403,,,,,
1465,0.0027941886165014094,0.0027941886165014094,0.0027941886165014094,(),(),0.15961475709563194,0.15961475709563194,25.676119402985073,,,,,
1466,-0.0027941886165014094,-0.0027941886165014094,-0.0027941886165014094,(),(),-0.15961475709563194,-0.15961475709563194,25.686666666666664,,,,,
1467,0.9149669349367507,0.798728801563249,1.057307196277641,"(7942,)","(7942,)",0.24403585052402324,0.7566601750572559,25.622465851905105,,,,,
1468,0.9149669349367507,0.798728801563249,1.057307196277641,"(7942,)","(7942,)",0.24403585052402324,0.7566601750572559,25.393213296398894,,,,,
1469,5.882352941176471e-05,5.882352941176471e-05,5.882352941176471e-05,(),(),-0.0006501587482352941,-0.0006501587482352941,25.352475247524755,,,,,
1470,-0.0027941886165014094,-0.0027941886165014094,-0.0027941886165014094,(),(),-0.15961475709563194,-0.15961475709563194,25.506268656716422,,,,,
1471,0.0027941886165014094,0.0027941886165014094,0.0027941886165014094,(),(),0.15961475709563194,0.15961475709563194,25.635820895522386,,,,,
1472,-0.0027941886165014094,-0.0027941886165014094,-0.0027941886165014094,(),(),-0.15961475709563194,-0.15961475709563194,25.67316831683168,,,,,
1473,0.9149669349367507,0.798728801563249,1.057307196277641,"(7942,)","(7942,)",0.24403585052402324,0.7566601750572559,25.65494252873563,,,,,
1474,0.9149669349367507,0.798728801563249,1.057307196277641,"(7942,)","(7942,)",0.24403585052402324,0.7566601750572559,25.30547217325611,,,,,
1475,-0.006985471541253523,-0.006985471541253523,-0.006985471541253523,(),(),-0.3990368927390799,-0.3990368927390799,25.199456376388394,,,0.1,0.1,()
1476,1.397094308250705,1.397094308250705,1.397094308250705,(),(),79.80737854781597,79.80737854781597,25.3334328358209,,,,,
1477,-1.3965060729565877,-1.3965060729565877,-1.3965060729565877,(),(),-79.81388013529832,-79.81388013529832,25.224975124378105,,,,,
1478,0.9149669349367507,0.798728801563249,1.057307196277641,"(7942,)","(7942,)",0.24403585052402324,0.7566601750572559,25.240047619047616,,,,,
1479,0.9149669349367507,0.798728801563249,1.057307196277641,"(7942,)","(7942,)",0.24403585052402324,0.7566601750572559,25.274565600604387,,,,,
1480,0.9149669349367507,0.798728801563249,1.057307196277641,"(7942,)","(7942,)",0.24403585052402324,0.7566601750572559,25.320000000000004,,,,,
1481,0.9149669349367507,0.798728801563249,1.057307196277641,"(7942,)","(7942,)",0.24403585052402324,0.7566601750572559,25.334297406194917,,,,,
1482,0.9149669349367507,0.798728801563249,1.057307196277641,"(7942,)","(7942,)",0.24403585052402324,0.7566601750572559,25.326278015613198,,,,,
1483,5.882352941176471e-05,5.882352941176471e-05,5.882352941176471e-05,(),(),-0.0006501587482352941,-0.0006501587482352941,25.407768924302793,,,,,
1484,-0.006956059776547642,-0.006956059776547642,-0.006956059776547642,(),(),-0.3993619721131975,-0.3993619721131975,25.703067729083667,,,,,
1485,0.006956059776547642,0.006956059776547642,0.006956059776547642,(),(),0.3993619721131975,0.3993619721131975,25.977011952191237,,,,,
1486,-0.006956059776547642,-0.006956059776547642,-0.006956059776547642,(),(),-0.3993619721131975,-0.3993619721131975,26.076015936254976,,,,,
1487,0.006956059776547642,0.006956059776547642,0.006956059776547642,(),(),0.3993619721131975,0.3993619721131975,26.101314741035853,,,,,
1488,0.9149669349367507,0.798728801563249,1.057307196277641,"(7942,)","(7942,)",0.24403585052402324,0.7566601750572559,26.13211350293542,,,,,
1489,0.9149669349367507,0.798728801563249,1.057307196277641,"(7942,)","(7942,)",0.24403585052402324,0.7566601750572559,26.369999999999997,,,,,
1490,0.9149669349367507,0.798728801563249,1.057307196277641,"(7942,)","(7942,)",0.24403585052402324,0.7566601750572559,25.359272223621257,,,,,
1491,0.9149669349367507,0.798728801563249,1.057307196277641,"(7942,)","(7942,)",0.24403585052402324,0.7566601750572559,25.30866910098212,,,,,
1492,0.9149669349367507,0.798728801563249,1.057307196277641,"(7942,)","(7942,)",0.24403585052402324,0.7566601750572559,25.307817929992446,,,,,
1493,0.9149669349367507,0.798728801563249,1.057307196277641,"(7942,)","(7942,)",0.24403585052402324,0.7566601750572559,25.31984638630068,,,,,
1494,0.9149669349367507,0.798728801563249,1.057307196277641,"(7942,)","(7942,)",0.24403585052402324,0.7566601750572559,360.2444963485268,,,,,
1495,0.9149669349367507,0.798728801563249,1.057307196277641,"(7942,)","(7942,)",0.24403585052402324,0.7566601750572559,415.3137106522286,,,,,
1497,1.0051820572221601,1.005068533839618,1.0052955806047024,"(101,)","(101,)",0.3880034697712516,0.9454939902814211,415.1195049504951,,,,,
1498,0.7961231120308468,0.7960095886483045,0.7962366354133892,"(101,)","(101,)",0.3984046650506723,0.9558951855608413,415.2300000000002,,,,,
1499,1.0051820572221601,1.005068533839618,1.0052955806047024,"(101,)","(101,)",0.3880034697712516,0.9454939902814211,25.880000000000003,,,,,
1500,0.7961231120308468,0.7960095886483045,0.7962366354133892,"(101,)","(101,)",0.3984046650506723,0.9558951855608413,25.803366336633676,,,,,
1501,1.0051820572221601,1.005068533839618,1.0052955806047024,"(101,)","(101,)",0.3880034697712516,0.9454939902814211,25.767128712871283,,,,,
1502,0.7961231120308468,0.7960095886483045,0.7962366354133892,"(101,)","(101,)",0.3984046650506723,0.9558951855608413,25.679999999999996,,,,,
1503,-0.2330942676967375,-0.2330942676967375,-0.2330942676967375,(),(),-13.616016259246361,-13.616016259246361,25.585856573705183,,,,,
1504,-0.2328001500496787,-0.2328001500496787,-0.2328001500496787,(),(),-13.619267052987539,-13.619267052987539,25.75175648702595,,,4.0,4.0,()
1505,-0.2328001500496787,-0.2328001500496787,-0.2328001500496787,(),(),-13.619267052987539,-13.619267052987539,25.425131123890836,,,4.0,4.0,()
1506,0.14302751621465526,-0.8099548081120739,1.0505764100027428,"(36153,)","(36153,)",-0.0370320246363216,2.5178707838443017,25.406991643454035,,,,,
1507,0.14302751621465526,-0.8099548081120739,1.0505764100027428,"(36153,)","(36153,)",-0.0370320246363216,2.5178707838443017,25.39611097281,,,,,
1508,-0.35407586534259344,-0.8111543178357415,-5.068008149210527e-06,"(17315,)","(17315,)",0.012443984832816274,2.5181461678717003,25.391233612474736,,,,,
1509,0.34928791981266927,0.0017147161908871687,0.6968611234344514,"(90000,)","(90000,)",-0.029693056998275742,1.4931626111015142,25.329599555555554,,,,,
1511,0.3460008238861445,0.049694851200877715,0.5970680075840188,"(9,)","(9,)",0.18919785705894537,1.1896695938173043,25.31578125,,,0.0,1.5,"(751,)"
1512,0.041148123365168196,0.041148123365168196,0.041148123365168196,(),(),2.402673420161538,2.402673420161538,25.57974700399467,,,,,
1513,-0.00011764705882352942,-0.00011764705882352942,-0.00011764705882352942,(),(),0.0013003174964705882,0.0013003174964705882,26.107989347536623,,,,,
1514,0.041148123365168196,0.041148123365168196,0.041148123365168196,(),(),2.402673420161538,2.402673420161538,26.023648468708387,,,,,
1515,-0.00011764705882352942,-0.00011764705882352942,-0.00011764705882352942,(),(),0.0013003174964705882,0.0013003174964705882,26.30319573901465,,,,,
1516,0.041148123365168196,0.041148123365168196,0.041148123365168196,(),(),2.402673420161538,2.402673420161538,26.111957390146465,,,,,
1517,-0.00011764705882352942,-0.00011764705882352942,-0.00011764705882352942,(),(),0.0013003174964705882,0.0013003174964705882,26.17878828229028,,,,,
1518,0.041148123365168196,0.041148123365168196,0.041148123365168196,(),(),2.402673420161538,2.402673420161538,26.13912117177097,,,,,
1519,-0.00011764705882352942,-0.00011764705882352942,-0.00011764705882352942,(),(),0.0013003174964705882,0.0013003174964705882,26.225898801597868,,,,,
1521,0.041089299835756425,0.041089299835756425,0.041089299835756425,(),(),2.403323578909773,2.403323578909773,25.721479013990677,,,,,
1522,-5.882352941176471e-05,-5.882352941176471e-05,-5.882352941176471e-05,(),(),0.0006501587482352941,0.0006501587482352941,25.926162558294468,,,,,
1523,0.041089299835756425,0.041089299835756425,0.041089299835756425,(),(),2.403323578909773,2.403323578909773,25.790532978014653,,,,,
1524,-5.882352941176471e-05,-5.882352941176471e-05,-5.882352941176471e-05,(),(),0.0006501587482352941,0.0006501587482352941,25.91247834776815,,,,,
1525,0.041089299835756425,0.041089299835756425,0.041089299835756425,(),(),2.403323578909773,2.403323578909773,25.731299133910728,,,,,
1526,-5.882352941176471e-05,-5.882352941176471e-05,-5.882352941176471e-05,(),(),0.0006501587482352941,0.0006501587482352941,25.84585609593604,,,,,
1527,0.041089299835756425,0.041089299835756425,0.041089299835756425,(),(),2.403323578909773,2.403323578909773,25.740393071285812,,,,,
1528,-5.882352941176471e-05,-5.882352941176471e-05,-5.882352941176471e-05,(),(),0.0006501587482352941,0.0006501587482352941,25.771172551632244,,,,,
1529,0.041089299835756425,0.041089299835756425,0.041089299835756425,(),(),2.403323578909773,2.403323578909773,25.559460359760163,,,,,
1530,-5.882352941176471e-05,-5.882352941176471e-05,-5.882352941176471e-05,(),(),0.0006501587482352941,0.0006501587482352941,25.62088607594936,,,,,
1531,0.041089299835756425,0.041089299835756425,0.041089299835756425,(),(),2.403323578909773,2.403323578909773,25.487408394403733,,,,,
1532,-5.882352941176471e-05,-5.882352941176471e-05,-5.882352941176471e-05,(),(),0.0006501587482352941,0.0006501587482352941,25.526369087275153,,,,,
1533,0.041089299835756425,0.041089299835756425,0.041089299835756425,(),(),2.403323578909773,2.403323578909773,25.4199600266489,,,,,
1534,-5.882352941176471e-05,-5.882352941176471e-05,-5.882352941176471e-05,(),(),0.0006501587482352941,0.0006501587482352941,25.478700866089273,,,,,
1535,0.041089299835756425,0.041089299835756425,0.041089299835756425,(),(),2.403323578909773,2.403323578909773,25.424810126582276,,,,,
1536,-5.882352941176471e-05,-5.882352941176471e-05,-5.882352941176471e-05,(),(),0.0006501587482352941,0.0006501587482352941,25.506422385076615,,,,,
1537,0.041089299835756425,0.041089299835756425,0.041089299835756425,(),(),2.403323578909773,2.403323578909773,25.46230512991339,,,,,
1538,-5.882352941176471e-05,-5.882352941176471e-05,-5.882352941176471e-05,(),(),0.0006501587482352941,0.0006501587482352941,25.52386149003148,,,,,
1539,0.6996662451025856,0.4038968189135167,0.9954356712916544,"(10000,)","(10000,)",0.1545518499276114,0.6767541730974976,25.439916999999998,,,,,
1540,0.6996662451025856,0.4038968189135167,0.9954356712916544,"(10000,)","(10000,)",0.1545518499276114,0.6767541730974976,25.338591000000005,,,,,
1541,-5.882352941176471e-05,-5.882352941176471e-05,-5.882352941176471e-05,(),(),0.0006501587482352941,0.0006501587482352941,25.317029702970295,,,,,
1542,0.002853012145913174,0.002853012145913174,0.002853012145913174,(),(),0.15896459834739665,0.15896459834739665,25.472079207920796,,,,,
1543,-0.002853012145913174,-0.002853012145913174,-0.002853012145913174,(),(),-0.15896459834739665,-0.15896459834739665,25.782475247524747,,,,,
1544,0.0026765415576778806,0.0026765415576778806,0.0026765415576778806,(),(),0.16091507459210252,0.16091507459210252,25.938613861386138,,,,,
1545,0.005588377233002819,0.005588377233002819,0.005588377233002819,(),(),0.3192295141912639,0.3192295141912639,25.984129353233826,,,,,
1546,-0.0055687693898655655,-0.0055687693898655655,-0.0055687693898655655,(),(),-0.31944623377400894,-0.31944623377400894,26.071993355481727,,,,,
1547,0.008411977614210111,0.008411977614210111,0.008411977614210111,(),(),0.47851919191277814,0.47851919191277814,26.038308457711437,,,,,
1548,-0.011206166230711523,-0.011206166230711523,-0.011206166230711523,(),(),-0.6381339490084103,-0.6381339490084103,25.94422885572139,,,,,
1549,0.01400035484721293,0.01400035484721293,0.01400035484721293,(),(),0.797748706104042,0.797748706104042,25.958606965174127,,,,,
1550,-0.016794543463714333,-0.016794543463714333,-0.016794543463714333,(),(),-0.9573634631996739,-0.9573634631996739,26.151691542288557,,,,,
1551,0.019382849727274575,0.019382849727274575,0.019382849727274575,(),(),1.1192537759141294,1.1192537759141294,26.09846153846154,,,,,
1552,-0.027588944988543508,-0.027588944988543508,-0.027588944988543508,(),(),-1.6000485234457311,-1.6000485234457311,26.13487025948104,,,,,
1553,0.027588944988543508,0.027588944988543508,0.027588944988543508,(),(),1.6000485234457311,1.6000485234457311,26.003233532934132,,,,,
1554,-0.009632601334225523,-0.009632601334225523,-0.009632601334225523,(),(),-0.5602770467053,-0.5602770467053,26.20808844507846,,,,,
1555,0.009632601334225523,0.009632601334225523,0.009632601334225523,(),(),0.5602770467053,0.5602770467053,26.117446504992866,,,,,
1556,-0.009632601334225523,-0.009632601334225523,-0.009632601334225523,(),(),-0.5602770467053,-0.5602770467053,26.01713266761769,,,,,
1557,0.009632601334225523,0.009632601334225523,0.009632601334225523,(),(),0.5602770467053,0.5602770467053,25.809786019971472,,,,,
1558,-0.009632601334225523,-0.009632601334225523,-0.009632601334225523,(),(),-0.5602770467053,-0.5602770467053,25.67683309557774,,,,,
1559,0.009632601334225523,0.009632601334225523,0.009632601334225523,(),(),0.5602770467053,0.5602770467053,25.615720399429385,,,,,
1560,-0.009632601334225523,-0.009632601334225523,-0.009632601334225523,(),(),-0.5602770467053,-0.5602770467053,25.566319543509273,,,,,
1561,0.009632601334225523,0.009632601334225523,0.009632601334225523,(),(),0.5602770467053,0.5602770467053,25.5260912981455,,,,,
1562,-0.009632601334225523,-0.009632601334225523,-0.009632601334225523,(),(),-0.5602770467053,-0.5602770467053,25.508559201141225,,,,,
1563,0.009632601334225523,0.009632601334225523,0.009632601334225523,(),(),0.5602770467053,0.5602770467053,25.49924393723252,,,,,
1564,-0.009632601334225523,-0.009632601334225523,-0.009632601334225523,(),(),-0.5602770467053,-0.5602770467053,25.470527817403703,,,,,
1565,0.009632601334225523,0.009632601334225523,0.009632601334225523,(),(),0.5602770467053,0.5602770467053,25.465820256776034,,,,,
1566,-0.009632601334225523,-0.009632601334225523,-0.009632601334225523,(),(),-0.5602770467053,-0.5602770467053,25.441811697574895,,,,,
1567,0.009632601334225523,0.009632601334225523,0.009632601334225523,(),(),0.5602770467053,0.5602770467053,25.43586305278174,,,,,
1568,-0.009632601334225523,-0.009632601334225523,-0.009632601334225523,(),(),-0.5602770467053,-0.5602770467053,25.43482168330956,,,,,
1569,0.009632601334225523,0.009632601334225523,0.009632601334225523,(),(),0.5602770467053,0.5602770467053,25.430028530670473,,,,,
1570,-0.009632601334225523,-0.009632601334225523,-0.009632601334225523,(),(),-0.5602770467053,-0.5602770467053,25.448530670470756,,,,,
1571,0.009632601334225523,0.009632601334225523,0.009632601334225523,(),(),0.5602770467053,0.5602770467053,25.461669044222536,,,,,
1572,-0.009632601334225523,-0.009632601334225523,-0.009632601334225523,(),(),-0.5602770467053,-0.5602770467053,25.67211126961483,,,,,
1573,0.009632601334225523,0.009632601334225523,0.009632601334225523,(),(),0.5602770467053,0.5602770467053,25.893266761768903,,,,,
1574,-0.009632601334225523,-0.009632601334225523,-0.009632601334225523,(),(),-0.5602770467053,-0.5602770467053,25.86243937232525,,,,,
1575,0.009632601334225523,0.009632601334225523,0.009632601334225523,(),(),0.5602770467053,0.5602770467053,25.883124108416546,,,,,
1576,-0.009632601334225523,-0.009632601334225523,-0.009632601334225523,(),(),-0.5602770467053,-0.5602770467053,25.900813124108417,,,,,
1577,0.009632601334225523,0.009632601334225523,0.009632601334225523,(),(),0.5602770467053,0.5602770467053,25.885948644793153,,,,,
1578,-0.009632601334225523,-0.009632601334225523,-0.009632601334225523,(),(),-0.5602770467053,-0.5602770467053,25.865292439372325,,,,,
1579,0.009632601334225523,0.009632601334225523,0.009632601334225523,(),(),0.5602770467053,0.5602770467053,25.860912981455062,,,,,
1580,-0.009632601334225523,-0.009632601334225523,-0.009632601334225523,(),(),-0.5602770467053,-0.5602770467053,25.8279029957204,,,,,
1581,0.009632601334225523,0.009632601334225523,0.009632601334225523,(),(),0.5602770467053,0.5602770467053,25.821455064194012,,,,,
1582,-0.009632601334225523,-0.009632601334225523,-0.009632601334225523,(),(),-0.5602770467053,-0.5602770467053,25.801098430813123,,,,,
1583,0.009632601334225523,0.009632601334225523,0.009632601334225523,(),(),0.5602770467053,0.5602770467053,25.785292439372327,,,,,
1584,-0.009632601334225523,-0.009632601334225523,-0.009632601334225523,(),(),-0.5602770467053,-0.5602770467053,25.773366619115546,,,,,
1585,0.009632601334225523,0.009632601334225523,0.009632601334225523,(),(),0.5602770467053,0.5602770467053,25.757318116975746,,,,,
1586,-0.009632601334225523,-0.009632601334225523,-0.009632601334225523,(),(),-0.5602770467053,-0.5602770467053,25.74905848787446,,,,,
1587,0.009632601334225523,0.009632601334225523,0.009632601334225523,(),(),0.5602770467053,0.5602770467053,25.72865905848787,,,,,
1588,-0.009632601334225523,-0.009632601334225523,-0.009632601334225523,(),(),-0.5602770467053,-0.5602770467053,423.4516547788873,,,,,
1589,0.009632601334225523,0.009632601334225523,0.009632601334225523,(),(),0.5602770467053,0.5602770467053,416.9125392296719,,,,,
1590,-0.009632601334225523,-0.009632601334225523,-0.009632601334225523,(),(),-0.5602770467053,-0.5602770467053,414.7601997146933,,,,,
1591,0.009632601334225523,0.009632601334225523,0.009632601334225523,(),(),0.5602770467053,0.5602770467053,413.88855920114116,,,,,
1592,-0.009632601334225523,-0.009632601334225523,-0.009632601334225523,(),(),-0.5602770467053,-0.5602770467053,413.4801997146934,,,,,
1593,0.009632601334225523,0.009632601334225523,0.009632601334225523,(),(),0.5602770467053,0.5602770467053,413.96460770328093,,,,,
1594,-0.009632601334225523,-0.009632601334225523,-0.009632601334225523,(),(),-0.5602770467053,-0.5602770467053,413.90757489301006,,,,,
1595,0.009632601334225523,0.009632601334225523,0.009632601334225523,(),(),0.5602770467053,0.5602770467053,413.44599144079893,,,,,
1596,0.9149669349367507,0.798728801563249,1.057307196277641,"(7942,)","(7942,)",0.24403585052402324,0.7566601750572559,415.4282712163183,,,,,
1597,0.9149669349367507,0.798728801563249,1.057307196277641,"(7942,)","(7942,)",0.24403585052402324,0.7566601750572559,416.69890455804585,,,,,
1598,0.9149669349367507,0.798728801563249,1.057307196277641,"(7942,)","(7942,)",0.24403585052402324,0.7566601750572559,415.97658398388313,,,,,
1599,0.9149669349367507,0.798728801563249,1.057307196277641,"(7942,)","(7942,)",0.24403585052402324,0.7566601750572559,417.1330999748174,,,,,
1600,-0.009632601334225523,-0.009632601334225523,-0.009632601334225523,(),(),-0.5602770467053,-0.5602770467053,414.53740370898726,,,,,
1601,0.009632601334225523,0.009632601334225523,0.009632601334225523,(),(),0.5602770467053,0.5602770467053,413.21877318116975,,,,,
1602,-0.009632601334225523,-0.009632601334225523,-0.009632601334225523,(),(),-0.5602770467053,-0.5602770467053,412.414607703281,,,,,
1603,0.009632601334225523,0.009632601334225523,0.009632601334225523,(),(),0.5602770467053,0.5602770467053,413.08590584878743,,,,,
1604,-0.009632601334225523,-0.009632601334225523,-0.009632601334225523,(),(),-0.5602770467053,-0.5602770467053,412.93134094151213,,,,,
1605,0.009632601334225523,0.009632601334225523,0.009632601334225523,(),(),0.5602770467053,0.5602770467053,412.9940085592012,,,,,
1606,-0.009632601334225523,-0.009632601334225523,-0.009632601334225523,(),(),-0.5602770467053,-0.5602770467053,412.8065049928674,,,,,
1607,0.009632601334225523,0.009632601334225523,0.009632601334225523,(),(),0.5602770467053,0.5602770467053,412.7393152639088,,,,,
1608,-0.009632601334225523,-0.009632601334225523,-0.009632601334225523,(),(),-0.5602770467053,-0.5602770467053,412.9746362339515,,,,,
1609,0.009632601334225523,0.009632601334225523,0.009632601334225523,(),(),0.5602770467053,0.5602770467053,412.99810271041366,,,,,
1610,-0.009632601334225523,-0.009632601334225523,-0.009632601334225523,(),(),-0.5602770467053,-0.5602770467053,413.1751069900143,,,,,
1611,0.009632601334225523,0.009632601334225523,0.009632601334225523,(),(),0.5602770467053,0.5602770467053,413.1466476462197,,,,,
1612,-0.009632601334225523,-0.009632601334225523,-0.009632601334225523,(),(),-0.5602770467053,-0.5602770467053,412.74370898716126,,,,,
1613,0.009632601334225523,0.009632601334225523,0.009632601334225523,(),(),0.5602770467053,0.5602770467053,412.9587731811698,,,,,
1614,-0.009632601334225523,-0.009632601334225523,-0.009632601334225523,(),(),-0.5602770467053,-0.5602770467053,412.72195435092726,,,,,
1615,0.009632601334225523,0.009632601334225523,0.009632601334225523,(),(),0.5602770467053,0.5602770467053,413.0631241084165,,,,,
1616,-0.009632601334225523,-0.009632601334225523,-0.009632601334225523,(),(),-0.5602770467053,-0.5602770467053,412.9860342368046,,,,,
1617,0.009632601334225523,0.009632601334225523,0.009632601334225523,(),(),0.5602770467053,0.5602770467053,412.9506419400855,,,,,
1618,0.9149669349367507,0.798728801563249,1.057307196277641,"(7942,)","(7942,)",0.24403585052402324,0.7566601750572559,415.587918660287,,,,,
1619,0.9149669349367507,0.798728801563249,1.057307196277641,"(7942,)","(7942,)",0.24403585052402324,0.7566601750572559,415.54416267942577,,,,,
1620,0.9149669349367507,0.798728801563249,1.057307196277641,"(7942,)","(7942,)",0.24403585052402324,0.7566601750572559,414.73278771090406,,,,,
1621,0.9149669349367507,0.798728801563249,1.057307196277641,"(7942,)","(7942,)",0.24403585052402324,0.7566601750572559,416.5230810878872,,,,,
1622,0.027471297929719973,0.027471297929719973,0.027471297929719973,(),(),1.6013488409422016,1.6013488409422016,407.6595704295704,,,,,
1623,-0.027471297929719973,-0.027471297929719973,-0.027471297929719973,(),(),-1.6013488409422016,-1.6013488409422016,405.538061938062,,,,,
1624,0.027471297929719973,0.027471297929719973,0.027471297929719973,(),(),1.6013488409422016,1.6013488409422016,405.2597402597402,,,,,
1625,-0.027471297929719973,-0.027471297929719973,-0.027471297929719973,(),(),-1.6013488409422016,-1.6013488409422016,403.5112087912088,,,,,
1626,0.027471297929719973,0.027471297929719973,0.027471297929719973,(),(),1.6013488409422016,1.6013488409422016,403.53859140859146,,,,,
1627,-0.027471297929719973,-0.027471297929719973,-0.027471297929719973,(),(),-1.6013488409422016,-1.6013488409422016,403.24152847152845,,,,,
1628,0.3758340738543809,-0.04474282718496032,0.796410974893722,"(22500,)","(22500,)",-0.029668413198206907,1.4954739878302747,27.701835555555554,,,,,
1629,0.3758340738543809,-0.04474282718496032,0.796410974893722,"(22500,)","(22500,)",-0.029668413198206907,1.4954739878302747,27.608175555555555,,,,,
1630,0.3758340738543809,-0.04474282718496032,0.796410974893722,"(22500,)","(22500,)",-0.029668413198206907,1.4954739878302747,27.701134666666672,,,,,
1631,0.3758340738543809,-0.04474282718496032,0.796410974893722,"(22500,)","(22500,)",-0.029668413198206907,1.4954739878302747,27.711436,,,,,
1632,0.9951741620711553,0.994971441745187,0.9953768823971236,"(51,)","(51,)",0.2989020739882791,1.294420860613582,25.390000000000004,,,,,
1633,0.9951741620711553,0.994971441745187,0.9953768823971236,"(51,)","(51,)",0.2989020739882791,1.294420860613582,26.644901960784317,,,,,
1634,0.9951741620711554,0.994971441745187,0.9953768823971236,"(201,)","(201,)",0.2989020739882791,1.294420860613582,26.630099502487568,,,,,
1635,0.9951741620711554,0.994971441745187,0.9953768823971236,"(201,)","(201,)",0.2989020739882791,1.294420860613582,26.069999999999997,,,0.0,1.5,"(151,)"
1636,0.9951741620711554,0.994971441745187,0.9953768823971236,"(201,)","(201,)",0.2989020739882791,1.294420860613582,25.88000000000001,,,,,
1637,0.9951741620711554,0.994971441745187,0.9953768823971236,"(201,)","(201,)",0.2989020739882791,1.294420860613582,25.62605185990577,,,0.0,1.5,"(151,)"
1638,0.19879967683610772,0.19849559634715508,0.1991037573250603,"(301,)","(301,)",-0.00990590026611509,1.4833722796718376,25.495911641108,,,0.0,1.5,"(151,)"
1639,0.041148123365168196,0.041148123365168196,0.041148123365168196,(),(),2.402673420161538,2.402673420161538,25.730519307589876,,,,,
1640,0.041148123365168196,0.041148123365168196,0.041148123365168196,(),(),2.402673420161538,2.402673420161538,409.8103728362184,,,,,
1641,0.041148123365168196,0.041148123365168196,0.041148123365168196,(),(),2.402673420161538,2.402673420161538,1021.7389880159789,,,,,
1642,0.041148123365168196,0.041148123365168196,0.041148123365168196,(),(),2.402673420161538,2.402673420161538,587.1007323568575,,,,,
1643,0.9952349781689458,0.9951133459733648,0.9953566103645268,"(51,)","(51,)",0.34867801331954545,0.945989285294726,593.6300000000001,,,,,
1644,0.9952349781689458,0.9951133459733648,0.9953566103645268,"(51,)","(51,)",0.34867801331954545,0.945989285294726,592.7331500600241,,,0.75,1.25,"(501,)"
1645,0.9952349781689458,0.9951133459733648,0.9953566103645268,"(51,)","(51,)",0.34867801331954545,0.945989285294726,25.68470421680655,,,0.75,1.25,"(501,)"
1646,0.020456414623760567,0.020456414623760567,0.020456414623760567,(),(),1.2026370275772396,1.2026370275772396,25.95127744510978,,,,,
1647,0.020456414623760567,0.020456414623760567,0.020456414623760567,(),(),1.2026370275772396,1.2026370275772396,26.252714570858284,,,,,
1649,0.020456414623760567,0.020456414623760567,0.020456414623760567,(),(),1.2026370275772396,1.2026370275772396,28.11148148148148,,,,,
1650,0.020456414623760567,0.020456414623760567,0.020456414623760567,(),(),1.2026370275772396,1.2026370275772396,27.88077844311378,,,,,
1651,0.020456414623760567,0.020456414623760567,0.020456414623760567,(),(),1.2026370275772396,1.2026370275772396,33.473592814371244,,,,,
1652,0.020456414623760567,0.020456414623760567,0.020456414623760567,(),(),1.2026370275772396,1.2026370275772396,66.90065868263473,,,,,
1653,0.020456414623760567,0.020456414623760567,0.020456414623760567,(),(),1.2026370275772396,1.2026370275772396,113.8667864271457,,,,,
1654,0.020456414623760567,0.020456414623760567,0.020456414623760567,(),(),1.2026370275772396,1.2026370275772396,169.37564870259484,,,,,
1655,0.020456414623760567,0.020456414623760567,0.020456414623760567,(),(),1.2026370275772396,1.2026370275772396,237.86750499002,,,,,
1656,0.020456414623760567,0.020456414623760567,0.020456414623760567,(),(),1.2026370275772396,1.2026370275772396,318.73435129740517,,,,,
1657,0.020456414623760567,0.020456414623760567,0.020456414623760567,(),(),1.2026370275772396,1.2026370275772396,418.10447105788427,,,,,
1658,0.020456414623760567,0.020456414623760567,0.020456414623760567,(),(),1.2026370275772396,1.2026370275772396,535.8282634730538,,,,,
1659,0.020456414623760567,0.020456414623760567,0.020456414623760567,(),(),1.2026370275772396,1.2026370275772396,674.4825349301398,,,,,
1660,0.020456414623760567,0.020456414623760567,0.020456414623760567,(),(),1.2026370275772396,1.2026370275772396,1037.7407784431139,,,,,
1661,0.020456414623760567,0.020456414623760567,0.020456414623760567,(),(),1.2026370275772396,1.2026370275772396,28.43333333333333,,,,,
1662,0.020456414623760567,0.020456414623760567,0.020456414623760567,(),(),1.2026370275772396,1.2026370275772396,33.490199600798405,,,,,
1663,0.020456414623760567,0.020456414623760567,0.020456414623760567,(),(),1.2026370275772396,1.2026370275772396,66.87435129740518,,,,,
1664,0.020456414623760567,0.020456414623760567,0.020456414623760567,(),(),1.2026370275772396,1.2026370275772396,113.89393213572853,,,,,
1665,0.020456414623760567,0.020456414623760567,0.020456414623760567,(),(),1.2026370275772396,1.2026370275772396,169.51133732534925,,,,,
1666,0.020456414623760567,0.020456414623760567,0.020456414623760567,(),(),1.2026370275772396,1.2026370275772396,237.98830339321356,,,,,
1667,0.020456414623760567,0.020456414623760567,0.020456414623760567,(),(),1.2026370275772396,1.2026370275772396,319.0148702594811,,,,,
1668,0.020456414623760567,0.020456414623760567,0.020456414623760567,(),(),1.2026370275772396,1.2026370275772396,418.5098003992016,,,,,
1669,0.020456414623760567,0.020456414623760567,0.020456414623760567,(),(),1.2026370275772396,1.2026370275772396,535.7555489021955,,,,,
1670,0.020456414623760567,0.020456414623760567,0.020456414623760567,(),(),1.2026370275772396,1.2026370275772396,674.1657285429142,,,,,
1671,0.020456414623760567,0.020456414623760567,0.020456414623760567,(),(),1.2026370275772396,1.2026370275772396,1035.9108582834328,,,,,
1672,0.020456414623760567,0.020456414623760567,0.020456414623760567,(),(),1.2026370275772396,1.2026370275772396,28.523992015968066,,,,,
1673,0.020456414623760567,0.020456414623760567,0.020456414623760567,(),(),1.2026370275772396,1.2026370275772396,33.53999999999999,,,,,
1674,0.020456414623760567,0.020456414623760567,0.020456414623760567,(),(),1.2026370275772396,1.2026370275772396,66.79930139720561,,,,,
1675,0.020456414623760567,0.020456414623760567,0.020456414623760567,(),(),1.2026370275772396,1.2026370275772396,113.75011976047905,,,,,
1676,0.020456414623760567,0.020456414623760567,0.020456414623760567,(),(),1.2026370275772396,1.2026370275772396,168.57999999999993,,,,,
1678,0.9952349781689458,0.9951538900385584,0.9953160662993332,"(151,)","(151,)",0.4482298919820763,0.846437406632196,25.68,,,0.5,1.5,"(1001,)"
1679,0.9952349781689458,0.9951538900385584,0.9953160662993332,"(151,)","(151,)",0.4482298919820763,0.846437406632196,25.492678484091424,,,0.5,1.5,"(501,)"
1680,0.9952349781689458,0.9951538900385584,0.9953160662993332,"(151,)","(151,)",0.4482298919820763,0.846437406632196,25.71554833239118,,,0.5,1.5,"(501,)"
1681,0.9952349781689458,0.9951538900385584,0.9953160662993332,"(151,)","(151,)",0.4482298919820763,0.846437406632196,25.478304054143372,,,0.5,1.5,"(501,)"
1682,0.9952349781689458,0.9951538900385584,0.9953160662993332,"(151,)","(151,)",0.4482298919820763,0.846437406632196,25.605990426857254,,,0.0,0.5,"(101,)"
1683,0.9952349781689458,0.9951538900385584,0.9953160662993332,"(151,)","(151,)",0.4482298919820763,0.846437406632196,25.597057524996757,,,-0.25,0.0,"(51,)"
1684,0.03425088711803233,0.03425088711803233,0.03425088711803233,(),(),2.002661289300105,2.002661289300105,26.04127744510978,,,,,
1685,0.03425088711803233,0.03425088711803233,0.03425088711803233,(),(),2.002661289300105,2.002661289300105,43.531636726546914,,,,,
1686,0.03425088711803233,0.03425088711803233,0.03425088711803233,(),(),2.002661289300105,2.002661289300105,107.96381237524949,,,,,
1687,0.03425088711803233,0.03425088711803233,0.03425088711803233,(),(),2.002661289300105,2.002661289300105,186.77333333333334,,,,,
1688,0.03425088711803233,0.03425088711803233,0.03425088711803233,(),(),2.002661289300105,2.002661289300105,319.52001996007976,,,,,
1689,0.03425088711803233,0.03425088711803233,0.03425088711803233,(),(),2.002661289300105,2.002661289300105,419.3840918163673,,,,,
1690,0.03425088711803233,0.03425088711803233,0.03425088711803233,(),(),2.002661289300105,2.002661289300105,27.997624750499007,,,,,
1691,0.03425088711803233,0.03425088711803233,0.03425088711803233,(),(),2.002661289300105,2.002661289300105,46.947864271457085,,,,,
1692,0.03425088711803233,0.03425088711803233,0.03425088711803233,(),(),2.002661289300105,2.002661289300105,114.14632734530937,,,,,
1693,0.03425088711803233,0.03425088711803233,0.03425088711803233,(),(),2.002661289300105,2.002661289300105,202.27483033932134,,,,,
1694,0.03425088711803233,0.03425088711803233,0.03425088711803233,(),(),2.002661289300105,2.002661289300105,320.62856287425143,,,,,
1695,0.03425088711803233,0.03425088711803233,0.03425088711803233,(),(),2.002661289300105,2.002661289300105,418.7854091816367,,,,,
1696,0.03425088711803233,0.03425088711803233,0.03425088711803233,(),(),2.002661289300105,2.002661289300105,27.99491017964072,,,,,
1697,0.03425088711803233,0.03425088711803233,0.03425088711803233,(),(),2.002661289300105,2.002661289300105,46.94914171656687,,,,,
1698,0.03425088711803233,0.03425088711803233,0.03425088711803233,(),(),2.002661289300105,2.002661289300105,114.13023952095809,,,,,
1699,0.03425088711803233,0.03425088711803233,0.03425088711803233,(),(),2.002661289300105,2.002661289300105,202.19644710578837,,,,,
1700,0.03425088711803233,0.03425088711803233,0.03425088711803233,(),(),2.002661289300105,2.002661289300105,320.15808383233536,,,,,
1701,0.03425088711803233,0.03425088711803233,0.03425088711803233,(),(),2.002661289300105,2.002661289300105,418.62682634730544,,,,,
1702,0.03425088711803233,0.03425088711803233,0.03425088711803233,(),(),2.002661289300105,2.002661289300105,28.083233532934127,,,,,
1703,0.03425088711803233,0.03425088711803233,0.03425088711803233,(),(),2.002661289300105,2.002661289300105,46.936746506986026,,,,,
1704,0.03425088711803233,0.03425088711803233,0.03425088711803233,(),(),2.002661289300105,2.002661289300105,114.03131736526946,,,,,
1705,0.03425088711803233,0.03425088711803233,0.03425088711803233,(),(),2.002661289300105,2.002661289300105,202.07059880239518,,,,,
1706,0.03425088711803233,0.03425088711803233,0.03425088711803233,(),(),2.002661289300105,2.002661289300105,319.96009980039923,,,,,
1707,0.03425088711803233,0.03425088711803233,0.03425088711803233,(),(),2.002661289300105,2.002661289300105,417.30756487025957,,,,,
1708,0.03425088711803233,0.03425088711803233,0.03425088711803233,(),(),2.002661289300105,2.002661289300105,28.089301397205592,,,,,
1709,0.03425088711803233,0.03425088711803233,0.03425088711803233,(),(),2.002661289300105,2.002661289300105,46.94485029940119,,,,,
1710,0.03425088711803233,0.03425088711803233,0.03425088711803233,(),(),2.002661289300105,2.002661289300105,113.85081836327345,,,,,
1711,0.03425088711803233,0.03425088711803233,0.03425088711803233,(),(),2.002661289300105,2.002661289300105,201.83852295409181,,,,,
1712,0.03425088711803233,0.03425088711803233,0.03425088711803233,(),(),2.002661289300105,2.002661289300105,319.80327345309377,,,,,
1713,0.03425088711803233,0.03425088711803233,0.03425088711803233,(),(),2.002661289300105,2.002661289300105,418.4384031936128,,,,,
1714,0.03425088711803233,0.03425088711803233,0.03425088711803233,(),(),2.002661289300105,2.002661289300105,27.946586826347307,,,,,
1715,0.03425088711803233,0.03425088711803233,0.03425088711803233,(),(),2.002661289300105,2.002661289300105,46.930858283433125,,,,,
1716,0.03425088711803233,0.03425088711803233,0.03425088711803233,(),(),2.002661289300105,2.002661289300105,113.96033932135728,,,,,
1717,0.03425088711803233,0.03425088711803233,0.03425088711803233,(),(),2.002661289300105,2.002661289300105,202.20119760479045,,,,,
1718,0.03425088711803233,0.03425088711803233,0.03425088711803233,(),(),2.002661289300105,2.002661289300105,319.91966067864274,,,,,
1719,0.03425088711803233,0.03425088711803233,0.03425088711803233,(),(),2.002661289300105,2.002661289300105,418.41528942115775,,,,,
1720,0.03425088711803233,0.03425088711803233,0.03425088711803233,(),(),2.002661289300105,2.002661289300105,27.97233532934132,,,,,
1721,0.03425088711803233,0.03425088711803233,0.03425088711803233,(),(),2.002661289300105,2.002661289300105,46.948483033932135,,,,,
1722,0.03425088711803233,0.03425088711803233,0.03425088711803233,(),(),2.002661289300105,2.002661289300105,114.0710379241517,,,,,
1723,0.03425088711803233,0.03425088711803233,0.03425088711803233,(),(),2.002661289300105,2.002661289300105,202.3336726546906,,,,,
1724,0.03425088711803233,0.03425088711803233,0.03425088711803233,(),(),2.002661289300105,2.002661289300105,320.61940119760476,,,,,
1725,0.03425088711803233,0.03425088711803233,0.03425088711803233,(),(),2.002661289300105,2.002661289300105,419.1010578842315,,,,,
1726,0.03425088711803233,0.03425088711803233,0.03425088711803233,(),(),2.002661289300105,2.002661289300105,27.983133732534927,,,,,
1727,0.03425088711803233,0.03425088711803233,0.03425088711803233,(),(),2.002661289300105,2.002661289300105,46.93926147704591,,,,,
1728,0.03425088711803233,0.03425088711803233,0.03425088711803233,(),(),2.002661289300105,2.002661289300105,113.95588822355289,,,,,
1729,0.03425088711803233,0.03425088711803233,0.03425088711803233,(),(),2.002661289300105,2.002661289300105,202.0836526946108,,,,,
1730,0.03425088711803233,0.03425088711803233,0.03425088711803233,(),(),2.002661289300105,2.002661289300105,319.8000998003992,,,,,
1731,0.03425088711803233,0.03425088711803233,0.03425088711803233,(),(),2.002661289300105,2.002661289300105,417.564510978044,,,,,
1732,0.03425088711803233,0.03425088711803233,0.03425088711803233,(),(),2.002661289300105,2.002661289300105,28.02457085828343,,,,,
1733,0.03425088711803233,0.03425088711803233,0.03425088711803233,(),(),2.002661289300105,2.002661289300105,46.97676646706587,,,,,
1734,0.03425088711803233,0.03425088711803233,0.03425088711803233,(),(),2.002661289300105,2.002661289300105,114.01089820359282,,,,,
1735,0.03425088711803233,0.03425088711803233,0.03425088711803233,(),(),2.002661289300105,2.002661289300105,202.2447904191617,,,,,
1736,0.03425088711803233,0.03425088711803233,0.03425088711803233,(),(),2.002661289300105,2.002661289300105,320.0298003992016,,,,,
1737,0.03425088711803233,0.03425088711803233,0.03425088711803233,(),(),2.002661289300105,2.002661289300105,418.59588822355295,,,,,
1738,0.03425088711803233,0.03425088711803233,0.03425088711803233,(),(),2.002661289300105,2.002661289300105,28.030758483033928,,,,,
1739,0.03425088711803233,0.03425088711803233,0.03425088711803233,(),(),2.002661289300105,2.002661289300105,46.92471057884231,,,,,
1740,0.03425088711803233,0.03425088711803233,0.03425088711803233,(),(),2.002661289300105,2.002661289300105,113.91117764471059,,,,,
1741,0.03425088711803233,0.03425088711803233,0.03425088711803233,(),(),2.002661289300105,2.002661289300105,202.02047904191622,,,,,
1742,0.03425088711803233,0.03425088711803233,0.03425088711803233,(),(),2.002661289300105,2.002661289300105,320.44405189620755,,,,,
1743,0.03425088711803233,0.03425088711803233,0.03425088711803233,(),(),2.002661289300105,2.002661289300105,418.6954690618763,,,,,
1744,0.0383539347486668,0.0383539347486668,0.0383539347486668,(),(),2.243058663065906,2.243058663065906,28.035389221556883,,,,,
1745,0.0383539347486668,0.0383539347486668,0.0383539347486668,(),(),2.243058663065906,2.243058663065906,46.96163672654691,,,,,
1746,0.0383539347486668,0.0383539347486668,0.0383539347486668,(),(),2.243058663065906,2.243058663065906,114.10654690618763,,,,,
1747,0.0383539347486668,0.0383539347486668,0.0383539347486668,(),(),2.243058663065906,2.243058663065906,202.35345309381242,,,,,
1748,0.0383539347486668,0.0383539347486668,0.0383539347486668,(),(),2.243058663065906,2.243058663065906,320.34678642714573,,,,,
1749,0.0383539347486668,0.0383539347486668,0.0383539347486668,(),(),2.243058663065906,2.243058663065906,418.46251497005983,,,,,
1750,0.0383539347486668,0.0383539347486668,0.0383539347486668,(),(),2.243058663065906,2.243058663065906,27.971057884231538,,,,,
1751,0.0383539347486668,0.0383539347486668,0.0383539347486668,(),(),2.243058663065906,2.243058663065906,47.01570858283434,,,,,
1752,0.0383539347486668,0.0383539347486668,0.0383539347486668,(),(),2.243058663065906,2.243058663065906,114.16796407185628,,,,,
1753,0.0383539347486668,0.0383539347486668,0.0383539347486668,(),(),2.243058663065906,2.243058663065906,202.32958083832335,,,,,
1754,0.0383539347486668,0.0383539347486668,0.0383539347486668,(),(),2.243058663065906,2.243058663065906,320.4001596806387,,,,,
1755,0.0383539347486668,0.0383539347486668,0.0383539347486668,(),(),2.243058663065906,2.243058663065906,418.7508183632734,,,,,
1756,0.0383539347486668,0.0383539347486668,0.0383539347486668,(),(),2.243058663065906,2.243058663065906,28.054231536926142,,,,,
1757,0.0383539347486668,0.0383539347486668,0.0383539347486668,(),(),2.243058663065906,2.243058663065906,46.925568862275455,,,,,
1758,0.0383539347486668,0.0383539347486668,0.0383539347486668,(),(),2.243058663065906,2.243058663065906,113.84852295409183,,,,,
1759,0.0383539347486668,0.0383539347486668,0.0383539347486668,(),(),2.243058663065906,2.243058663065906,201.6523552894211,,,,,
1760,0.0383539347486668,0.0383539347486668,0.0383539347486668,(),(),2.243058663065906,2.243058663065906,319.31061876247503,,,,,
1761,0.0383539347486668,0.0383539347486668,0.0383539347486668,(),(),2.243058663065906,2.243058663065906,417.810379241517,,,,,
1762,0.0383539347486668,0.0383539347486668,0.0383539347486668,(),(),2.243058663065906,2.243058663065906,28.12564870259481,,,,,
1763,0.0383539347486668,0.0383539347486668,0.0383539347486668,(),(),2.243058663065906,2.243058663065906,47.019041916167666,,,,,
1764,0.0383539347486668,0.0383539347486668,0.0383539347486668,(),(),2.243058663065906,2.243058663065906,114.08005988023955,,,,,
1765,0.0383539347486668,0.0383539347486668,0.0383539347486668,(),(),2.243058663065906,2.243058663065906,201.8107385229541,,,,,
1766,0.0383539347486668,0.0383539347486668,0.0383539347486668,(),(),2.243058663065906,2.243058663065906,319.2273652694611,,,,,
1767,0.0383539347486668,0.0383539347486668,0.0383539347486668,(),(),2.243058663065906,2.243058663065906,417.33906187624746,,,,,
1768,0.0383539347486668,0.0383539347486668,0.0383539347486668,(),(),2.243058663065906,2.243058663065906,28.08363273453094,,,,,
1769,0.0383539347486668,0.0383539347486668,0.0383539347486668,(),(),2.243058663065906,2.243058663065906,46.94800399201597,,,,,
1770,0.0383539347486668,0.0383539347486668,0.0383539347486668,(),(),2.243058663065906,2.243058663065906,114.03373253493012,,,,,
1771,0.0383539347486668,0.0383539347486668,0.0383539347486668,(),(),2.243058663065906,2.243058663065906,202.0477245508982,,,,,
1772,0.0383539347486668,0.0383539347486668,0.0383539347486668,(),(),2.243058663065906,2.243058663065906,319.96970059880243,,,,,
1773,0.0383539347486668,0.0383539347486668,0.0383539347486668,(),(),2.243058663065906,2.243058663065906,418.4911576846308,,,,,
1774,0.19881994886870452,0.19873886073831715,0.19890103699909192,"(151,)","(151,)",0.4878534930465359,0.8860610076966567,27.717691168606805,,,0.9,2.5,"(161,)"
1776,0.9952349781689458,0.9951538900385584,0.9953160662993332,"(151,)","(151,)",0.4482298919820763,0.846437406632196,27.81198716630332,,,0.9,2.5,"(161,)"
1777,0.08211977614210109,0.08211977614210109,0.08211977614210109,(),(),4.807297316567782,4.807297316567782,27.99783608195902,,,,,
1778,0.027294827341484692,0.027294827341484692,0.027294827341484692,(),(),1.6032993171869074,1.6032993171869074,28.054112943528235,,,,,
1779,0.10947342701299753,0.10947342701299753,0.10947342701299753,(),(),6.409946475006455,6.409946475006455,27.832929023658778,,,,,
1780,0.027294827341484692,0.027294827341484692,0.027294827341484692,(),(),1.6032993171869074,1.6032993171869074,27.95568143952016,,,,,
1781,0.10947342701299753,0.10947342701299753,0.10947342701299753,(),(),6.409946475006455,6.409946475006455,27.835691436187936,,,,,
1782,0.027294827341484692,0.027294827341484692,0.027294827341484692,(),(),1.6032993171869074,1.6032993171869074,27.925061646117964,,,,,
1783,0.10947342701299753,0.10947342701299753,0.10947342701299753,(),(),6.409946475006455,6.409946475006455,27.8390703098967,,,,,
1784,0.027294827341484692,0.027294827341484692,0.027294827341484692,(),(),1.6032993171869074,1.6032993171869074,27.923815394868374,,,,,
1785,0.10947342701299753,0.10947342701299753,0.10947342701299753,(),(),6.409946475006455,6.409946475006455,27.859523492169274,,,,,
1786,0.027294827341484692,0.027294827341484692,0.027294827341484692,(),(),1.6032993171869074,1.6032993171869074,27.997617460846385,,,,,
1787,0.10947342701299753,0.10947342701299753,0.10947342701299753,(),(),6.409946475006455,6.409946475006455,27.96183333333333,,,,,
1788,0.027294827341484692,0.027294827341484692,0.027294827341484692,(),(),1.6032993171869074,1.6032993171869074,28.031146284571808,,,,,
1789,0.10947342701299753,0.10947342701299753,0.10947342701299753,(),(),6.409946475006455,6.409946475006455,27.94044985004998,,,,,
1790,0.027294827341484692,0.027294827341484692,0.027294827341484692,(),(),1.6032993171869074,1.6032993171869074,28.024678440519825,,,,,
1791,0.10947342701299753,0.10947342701299753,0.10947342701299753,(),(),6.409946475006455,6.409946475006455,27.946197934021995,,,,,
1792,0.027294827341484692,0.027294827341484692,0.027294827341484692,(),(),1.6032993171869074,1.6032993171869074,28.009043652115963,,,,,
1793,0.10947342701299753,0.10947342701299753,0.10947342701299753,(),(),6.409946475006455,6.409946475006455,46.930206597800726,,,,,
1794,0.027294827341484692,0.027294827341484692,0.027294827341484692,(),(),1.6032993171869074,1.6032993171869074,113.26874708430523,,,,,
1795,0.10947342701299753,0.10947342701299753,0.10947342701299753,(),(),6.409946475006455,6.409946475006455,199.5525824725092,,,,,
1796,0.027294827341484692,0.027294827341484692,0.027294827341484692,(),(),1.6032993171869074,1.6032993171869074,314.52158280573144,,,,,
1797,0.10947342701299753,0.10947342701299753,0.10947342701299753,(),(),6.409946475006455,6.409946475006455,410.36662445851385,,,,,
1798,0.027294827341484692,0.027294827341484692,0.027294827341484692,(),(),1.6032993171869074,1.6032993171869074,526.6108518518519,,,,,
1799,0.10947342701299753,0.10947342701299753,0.10947342701299753,(),(),6.409946475006455,6.409946475006455,100.6328542864284,,,,,
1800,-5.882352941176471e-05,-5.882352941176471e-05,-5.882352941176471e-05,(),(),0.0006501587482352941,0.0006501587482352941,78.51765472312705,,,,,
1801,-5.882352941176471e-05,-5.882352941176471e-05,-5.882352941176471e-05,(),(),0.0006501587482352941,0.0006501587482352941,101.35387306346826,,,,,
1802,0.057142262654262234,0.057142262654262234,0.057142262654262234,(),(),3.178385427516845,3.178385427516845,100.62971111111112,,,,,
1803,0.0027291424543920027,0.0027291424543920027,0.0027291424543920027,(),(),0.16033369272831952,0.16033369272831952,101.42032222222221,,,,,
1804,0.08211977614210109,0.08211977614210109,0.08211977614210109,(),(),4.807297316567782,4.807297316567782,27.821989336887707,,,,,
1805,0.08211977614210109,0.08211977614210109,0.08211977614210109,(),(),4.807297316567782,4.807297316567782,46.96950016661113,,,,,
1806,0.08211977614210109,0.08211977614210109,0.08211977614210109,(),(),4.807297316567782,4.807297316567782,113.12714428523824,,,,,
1807,0.08211977614210109,0.08211977614210109,0.08211977614210109,(),(),4.807297316567782,4.807297316567782,199.00869710096634,,,,,
1808,0.08211977614210109,0.08211977614210109,0.08211977614210109,(),(),4.807297316567782,4.807297316567782,311.9401299566811,,,,,
1809,0.08211977614210109,0.08211977614210109,0.08211977614210109,(),(),4.807297316567782,4.807297316567782,407.2897100966345,,,,,
1810,0.08211977614210109,0.08211977614210109,0.08211977614210109,(),(),4.807297316567782,4.807297316567782,520.5439236947791,,,,,
1811,0.08211977614210109,0.08211977614210109,0.08211977614210109,(),(),4.807297316567782,4.807297316567782,654.1663078973675,,,,,
1812,0.08211977614210109,0.08211977614210109,0.08211977614210109,(),(),4.807297316567782,4.807297316567782,,1018.39431856048,1172.494595134955,,,
1813,0.054766125271204655,0.054766125271204655,0.054766125271204655,(),(),3.204648158129109,3.204648158129109,,1016.081324337831,1170.3662568715642,,,
1814,0.054766125271204655,0.054766125271204655,0.054766125271204655,(),(),3.204648158129109,3.204648158129109,,834.2119340329837,969.4951024487757,,,
1815,0.054766125271204655,0.054766125271204655,0.054766125271204655,(),(),3.204648158129109,3.204648158129109,,522.2678360819591,667.4943428285857,,,
1816,0.054766125271204655,0.054766125271204655,0.054766125271204655,(),(),3.204648158129109,3.204648158129109,,408.74232383808095,537.8710844577712,,,
1817,0.054766125271204655,0.054766125271204655,0.054766125271204655,(),(),3.204648158129109,3.204648158129109,,312.90381309345327,425.5406596701649,,,
1818,0.054766125271204655,0.054766125271204655,0.054766125271204655,(),(),3.204648158129109,3.204648158129109,,198.76149425287358,283.9596701649175,,,
1819,0.054766125271204655,0.054766125271204655,0.054766125271204655,(),(),3.204648158129109,3.204648158129109,,113.06303348325837,166.24073463268365,,,
1820,0.054766125271204655,0.054766125271204655,0.054766125271204655,(),(),3.204648158129109,3.204648158129109,,47.22067466266867,51.486561719140425,,,
1821,0.054766125271204655,0.054766125271204655,0.054766125271204655,(),(),3.204648158129109,3.204648158129109,,28.086216891554223,32.757501249375316,,,
1822,0.08211977614210109,0.08211977614210109,0.08211977614210109,(),(),4.807297316567782,4.807297316567782,,77.89210596467844,114.1106597800733,,,
1823,0.09579660157754932,0.09579660157754932,0.09579660157754932,(),(),5.608621895787119,5.608621895787119,,28.132012662445852,32.831272909030325,,,
1824,0.09579660157754932,0.09579660157754932,0.09579660157754932,(),(),5.608621895787119,5.608621895787119,,28.093835388203928,32.79841386204599,,,
1825,0.09579660157754932,0.09579660157754932,0.09579660157754932,(),(),5.608621895787119,5.608621895787119,,28.056624458513824,32.75091969343552,,,
1826,0.09579660157754932,0.09579660157754932,0.09579660157754932,(),(),5.608621895787119,5.608621895787119,,28.053638787070977,32.72980339886705,,,
1827,0.09579660157754932,0.09579660157754932,0.09579660157754932,(),(),5.608621895787119,5.608621895787119,,28.04183605464845,32.72521492835721,,,
1828,0.09579660157754932,0.09579660157754932,0.09579660157754932,(),(),5.608621895787119,5.608621895787119,,28.080663112295905,32.76797734088637,,,
1829,0.09579660157754932,0.09579660157754932,0.09579660157754932,(),(),5.608621895787119,5.608621895787119,,28.103852049316895,32.80254581806064,,,
1830,0.09579660157754932,0.09579660157754932,0.09579660157754932,(),(),5.608621895787119,5.608621895787119,,28.112272575808067,32.804545151616125,,,
1831,0.09579660157754932,0.09579660157754932,0.09579660157754932,(),(),5.608621895787119,5.608621895787119,,28.10089636787737,32.811699433522165,,,
1832,0.09579660157754932,0.09579660157754932,0.09579660157754932,(),(),5.608621895787119,5.608621895787119,,28.07084971676108,32.76267577474175,,,
1833,0.09579660157754932,0.09579660157754932,0.09579660157754932,(),(),5.608621895787119,5.608621895787119,,28.050459846717757,32.73599133622127,,,
1834,0.09579660157754932,0.09579660157754932,0.09579660157754932,(),(),5.608621895787119,5.608621895787119,,28.027320893035654,32.7269943352216,,,
1835,0.09579660157754932,0.09579660157754932,0.09579660157754932,(),(),5.608621895787119,5.608621895787119,,28.013138953682105,32.69706097967344,,,
1836,0.09579660157754932,0.09579660157754932,0.09579660157754932,(),(),5.608621895787119,5.608621895787119,,28.017417527490842,32.71473175608131,,,
1837,0.09579660157754932,0.09579660157754932,0.09579660157754932,(),(),5.608621895787119,5.608621895787119,,28.055388203932026,32.77432189270243,,,
1838,0.013147413670742344,0.013147413670742344,0.013147413670742344,(),(),0.8071760079534539,0.8071760079534539,,28.152554890219562,33.347504990019964,,,
1839,0.1370623720015411,0.1370623720015411,0.1370623720015411,(),(),8.009994998452186,8.009994998452186,,28.243914354644154,33.697593486127865,,,
1840,0.9952349781689457,0.9951133459733648,0.9953566103645268,"(231,)","(231,)",0.34867801331954545,0.945989285294726,,27.754013703605537,32.28490895348038,0.6,5.0,"(441,)"
1841,0.995288692599266,0.9951133459733648,0.9955187866253017,"(157,)","(157,)",-0.049529501330575224,0.945989285294726,,101.60530597801754,148.54262431936684,0.6,5.0,"(441,)"
1842,0.995288692599266,0.9951133459733648,0.9955187866253017,"(157,)","(157,)",-0.049529501330575224,0.945989285294726,,101.75927430301763,148.82808603946955,0.0,0.6,"(61,)"
1843,0.995288692599266,0.9951133459733648,0.9955187866253017,"(157,)","(157,)",-0.049529501330575224,0.945989285294726,,101.69643938602903,148.83994987992062,-0.6,0.0,"(61,)"
1844,0.995288692599266,0.9951133459733648,0.9955187866253017,"(157,)","(157,)",-0.049529501330575224,0.945989285294726,,101.66321406812519,148.76054998615342,-5.0,-0.6,"(441,)"
1846,0.9952349781689458,0.9951133459733648,0.9953566103645268,"(302,)","(302,)",0.34867801331954545,0.945989285294726,,40.573940397351,41.346490066225165,,,
1847,0.9952349781689458,0.9951133459733648,0.9953566103645268,"(302,)","(302,)",0.34867801331954545,0.945989285294726,,27.453079470198674,34.785264900662256,,,
1848,0.9952349781689458,0.9951133459733648,0.9953566103645268,"(302,)","(302,)",0.34867801331954545,0.945989285294726,,26.72827814569537,32.76324503311258,,,
1849,0.9952309237624265,0.9951701076646358,0.995291739860217,"(302,)","(302,)",0.5079610191795934,0.8066166551671841,,26.168079470198677,30.647384105960267,,,
1850,0.9952309237624262,0.9951701076646358,0.995291739860217,"(102,)","(102,)",0.5079610191795934,0.8066166551671841,,26.040000000000006,30.462549019607838,,,
1851,0.9952410597787249,0.9951701076646358,0.9953120118928138,"(102,)","(102,)",0.4581850798483298,0.8066166551671841,,26.011764705882364,30.374705882352945,,,
1852,0.9952410597787249,0.9951701076646358,0.9953120118928138,"(22,)","(22,)",0.4581850798483298,0.8066166551671841,,25.98,30.309999999999988,,,
1853,0.9952410597787249,0.9951701076646358,0.9953120118928138,"(22,)","(22,)",0.4581850798483298,0.8066166551671841,,25.98,30.40272727272727,,,
1854,0.9952410597787248,0.9951701076646358,0.9953120118928138,"(602,)","(602,)",0.4581850798483298,0.8066166551671841,,25.87111295681063,30.15598006644518,,,
1855,0.9952410597787249,0.9951701076646358,0.9953120118928138,"(202,)","(202,)",0.4581850798483298,0.8066166551671841,,25.820000000000004,30.127970297029705,,,
1856,0.9952410597787249,0.9951701076646358,0.9953120118928138,"(102,)","(102,)",0.4581850798483298,0.8066166551671841,,25.76,30.02921568627452,,,
1857,0.9952410597787249,0.9951701076646358,0.9953120118928138,"(22,)","(22,)",0.4581850798483298,0.8066166551671841,,25.76,30.039999999999992,,,
1858,0.9952410597787248,0.9951701076646358,0.9953120118928138,"(42,)","(42,)",0.4581850798483298,0.8066166551671841,,25.759999999999998,30.03,,,
1859,0.9952410597787248,0.9951701076646358,0.9953120118928138,"(42,)","(42,)",0.4581850798483298,0.8066166551671841,,25.759999999999998,30.040000000000003,,,
1860,0.9952410597787249,0.9951701076646358,0.9953120118928138,"(202,)","(202,)",0.4581850798483298,0.8066166551671841,,25.76,29.98841584158416,,,
1861,0.9952410597787248,0.9951701076646358,0.9953120118928138,"(42,)","(42,)",0.4581850798483298,0.8066166551671841,,25.759999999999998,29.970000000000002,,,
1862,0.9952613318113217,0.9951295635994422,0.9953931000232012,"(122,)","(122,)",0.25908132252326804,0.906168533829715,,25.741803278688515,29.948196721311483,,,
1863,0.9952248421526474,0.9951538900385584,0.9952957942667363,"(602,)","(602,)",0.4980058313133408,0.846437406632196,,26.039235880398667,30.642358803986713,,,
1864,0.9952248421526474,0.9951133459733648,0.9953363383319298,"(402,)","(402,)",0.39845395265080996,0.945989285294726,,25.854726368159206,30.19465174129353,,,
1865,0.9952349781689458,0.9951336180059616,0.9953363383319298,"(202,)","(202,)",0.39845395265080996,0.8962133459634615,,25.80574257425742,30.128910891089106,,,
1866,0.9952349781689458,0.9951336180059616,0.9953363383319298,"(202,)","(202,)",0.39845395265080996,0.8962133459634615,,25.778415841584156,30.112326732673267,,,
1867,0.9952349781689458,0.9951336180059616,0.9953363383319298,"(102,)","(102,)",0.39845395265080996,0.8962133459634615,,25.76,30.006764705882343,,,
1868,0.9952349781689458,0.9951336180059616,0.9953363383319298,"(102,)","(102,)",0.39845395265080996,0.8962133459634615,,25.749999999999996,29.999215686274507,,,
1869,0.9952349781689458,0.9951336180059616,0.9953363383319298,"(102,)","(102,)",0.39845395265080996,0.8962133459634615,,25.729999999999983,30.06421568627452,,,
1870,0.9951133459733648,0.9950322578429774,0.9951944341037521,"(201,)","(201,)",0.7468855279696661,1.1450930426197858,,25.721144278606964,29.95905472636816,,,
1871,0.9951133459733648,0.9950322578429774,0.9951944341037521,"(201,)","(201,)",0.7468855279696661,1.1450930426197858,,25.705373134328365,29.9481592039801,,,
1872,0.9951133459733648,0.9950322578429774,0.9951944341037521,"(201,)","(201,)",0.7468855279696661,1.1450930426197858,,25.68835820895522,29.905621890547266,,,
1873,0.9951133459733648,0.9950322578429774,0.9951944341037521,"(201,)","(201,)",0.7468855279696661,1.1450930426197858,,25.666815920398008,29.884825870646768,,,
1874,0.9951133459733648,0.9950322578429774,0.9951944341037521,"(201,)","(201,)",0.7468855279696661,1.1450930426197858,,25.650049751243778,29.854776119402985,,,
1875,0.9951133459733648,0.9950322578429774,0.9951944341037521,"(201,)","(201,)",0.7468855279696661,1.1450930426197858,,25.619999999999994,29.804875621890552,,,
1876,0.9951133459733648,0.9950322578429774,0.9951944341037521,"(201,)","(201,)",0.7468855279696661,1.1450930426197858,,25.61482587064676,29.827711442786075,,,
1877,0.9951133459733648,0.9950322578429774,0.9951944341037521,"(201,)","(201,)",0.7468855279696661,1.1450930426197858,,25.579850746268647,29.816666666666666,,,
1878,0.9951133459733648,0.9950322578429774,0.9951944341037521,"(201,)","(201,)",0.7468855279696661,1.1450930426197858,,25.57,29.778756218905478,,,
1879,0.9951133459733648,0.9950322578429774,0.9951944341037521,"(201,)","(201,)",0.7468855279696661,1.1450930426197858,,25.552678571428572,29.77937500000001,,,
1880,0.9951133459733648,0.9950322578429774,0.9951944341037521,"(201,)","(201,)",0.7468855279696661,1.1450930426197858,,25.54532338308458,29.725273631840803,,,
1881,0.9951133459733648,0.9950322578429774,0.9951944341037521,"(201,)","(201,)",0.7468855279696661,1.1450930426197858,,25.544079601990056,29.71457711442786,,,
1882,0.9951133459733648,0.9950322578429774,0.9951944341037521,"(201,)","(201,)",0.7468855279696661,1.1450930426197858,,25.546567164179102,29.68487562189055,,,
1883,0.9951133459733648,0.9950322578429774,0.9951944341037521,"(201,)","(201,)",0.7468855279696661,1.1450930426197858,,25.53706467661692,29.720845771144283,,,
1884,0.9951133459733648,0.9950322578429774,0.9951944341037521,"(201,)","(201,)",0.7468855279696661,1.1450930426197858,,25.529999999999998,29.673482587064672,,,
1885,1.0350395120078806,1.0349422062514158,1.0351368177643454,"(151,)","(151,)",0.44624871192885296,0.9240977295089976,,25.502656130445114,29.76981530830321,0.0,2.5,"(251,)"
1886,0.9454995829028742,0.945418494772487,0.9455806710332619,"(151,)","(151,)",0.35115448838607466,0.7493620030361944,,25.522527373947916,29.84518086594021,0.0,2.5,"(251,)"
1888,0.8957236435716095,0.8956425554412218,0.8958047317019968,"(151,)","(151,)",0.35363096345260286,0.7518384781027235,,25.610178359410043,29.959602121316063,0.0,2.5,"(251,)"
1889,0.24875806446074436,0.24867697633035696,0.2488391525911317,"(151,)","(151,)",0.08716950332988636,0.48537701798000704,,25.53750713009684,29.820561318832855,0.0,2.5,"(251,)"
1890,-0.00010136016298417025,-0.6969645108006954,0.696761790474727,"(151,)","(151,)",0.21420904572492283,0.2835503475877287,,25.912715231788084,30.186821192052985,,,
1891,-0.00020272032596836402,-0.6970658709636794,0.6966604303117427,"(151,)","(151,)",0.4630887423812477,0.5324300442440536,,25.77046357615895,29.989536423841056,,,
1892,-0.00020272032596836402,-0.6970658709636794,0.6966604303117427,"(151,)","(151,)",0.4630887423812477,0.5324300442440536,,25.752450331125832,29.935231788079484,,,
1893,-0.00020272032596836402,-0.6970658709636794,0.6966604303117427,"(151,)","(151,)",0.4630887423812477,0.5324300442440536,,25.69827814569536,29.873245033112582,,,
1894,-0.00020272032596836402,-0.6970658709636794,0.6966604303117427,"(151,)","(151,)",0.4630887423812477,0.5324300442440536,,25.68,29.80980132450332,,,
1895,0.00014705882352941175,0.00014705882352941175,0.00014705882352941175,(),(),-0.0016253968705882353,-0.0016253968705882353,,25.97613466334165,31.86067331670823,,,
1896,-0.027647768517955276,-0.027647768517955276,-0.027647768517955276,(),(),-1.5993983646974956,-1.5993983646974956,,26.275725190839694,31.865954198473275,,,
1897,-0.009779660157754937,-0.009779660157754937,-0.009779660157754937,(),(),-0.5586516498347118,-0.5586516498347118,,26.34792079207922,31.33623762376238,,,
1898,-0.00010136016298417025,-0.6969645108006954,0.696761790474727,"(151,)","(151,)",0.21420904572492283,0.2835503475877287,,25.841324503311256,30.022980132450332,,,
1899,-0.00010136016298417025,-0.6969645108006954,0.696761790474727,"(151,)","(151,)",0.21420904572492283,0.2835503475877287,,25.78000000000001,29.950312500000003,,,
1900,-0.0002432643911620886,-0.6971064150288733,0.6966198862465489,"(151,)","(151,)",0.5626406210437777,0.6319819229065831,,25.771111111111107,29.9358024691358,,,
1901,-0.0002432643911620886,-0.6971064150288733,0.6966198862465489,"(151,)","(151,)",0.5626406210437777,0.6319819229065831,,25.750000000000004,29.92047619047619,,,
1902,5.882352941176471e-05,5.882352941176471e-05,5.882352941176471e-05,(),(),-0.0006501587482352941,-0.0006501587482352941,,25.750000000000007,29.914347826086953,,,
1903,0.00014705882352941175,0.00014705882352941175,0.00014705882352941175,(),(),-0.0016253968705882353,-0.0016253968705882353,,25.76,30.145999999999997,,,
1904,0.00011764705882352942,0.00011764705882352942,0.00011764705882352942,(),(),-0.0013003174964705882,-0.0013003174964705882,,25.94,30.49,,,
1905,0.00011764705882352942,0.00011764705882352942,0.00011764705882352942,(),(),-0.0013003174964705882,-0.0013003174964705882,,25.94,30.259999999999998,,,
1906,0.00011764705882352942,0.00011764705882352942,0.00011764705882352942,(),(),-0.0013003174964705882,-0.0013003174964705882,,25.84,30.02875,,,
1908,0.00011764705882352942,0.00011764705882352942,0.00011764705882352942,(),(),-0.0013003174964705882,-0.0013003174964705882,,25.84,30.346666666666664,,,
1909,0.00011764705882352942,0.00011764705882352942,0.00011764705882352942,(),(),-0.0013003174964705882,-0.0013003174964705882,,25.84,30.341666666666665,,,
1910,0.00011764705882352942,0.00011764705882352942,0.00011764705882352942,(),(),-0.0013003174964705882,-0.0013003174964705882,,25.84,30.21,,,
1911,0.00011764705882352942,0.00011764705882352942,0.00011764705882352942,(),(),-0.0013003174964705882,-0.0013003174964705882,,25.784117647058824,30.30313725490196,,,
1912,0.9149669349367507,0.798728801563249,1.057307196277641,"(7942,)","(7942,)",0.24403585052402324,0.7566601750572559,,25.49314254624592,29.588789989118606,,,
1913,0.9149669349367507,0.798728801563249,1.057307196277641,"(7942,)","(7942,)",0.24403585052402324,0.7566601750572559,,25.428006709039547,29.510921610169493,,,
1915,0.00011764705882352942,0.00011764705882352942,0.00011764705882352942,(),(),-0.0013003174964705882,-0.0013003174964705882,,26.55,32.07,,,
1916,-0.016471014051949635,-0.016471014051949635,-0.016471014051949635,(),(),-0.9609393363149681,-0.9609393363149681,,26.238393005828474,31.32054121565362,,,
1917,0.016471014051949635,0.016471014051949635,0.016471014051949635,(),(),0.9609393363149681,0.9609393363149681,,26.099833472106578,31.075095753538715,,,
1918,-0.016471014051949635,-0.016471014051949635,-0.016471014051949635,(),(),-0.9609393363149681,-0.9609393363149681,,30.716278101582017,42.19892589508743,,,
1919,0.016471014051949635,0.016471014051949635,0.016471014051949635,(),(),0.9609393363149681,0.9609393363149681,,30.837918401332228,42.36623646960866,,,
1920,-0.016471014051949635,-0.016471014051949635,-0.016471014051949635,(),(),-0.9609393363149681,-0.9609393363149681,,62.88921731890092,93.52183180682765,,,
1921,0.016471014051949635,0.016471014051949635,0.016471014051949635,(),(),0.9609393363149681,0.9609393363149681,,63.03353039134055,93.650607826811,,,
1922,-0.016471014051949635,-0.016471014051949635,-0.016471014051949635,(),(),-0.9609393363149681,-0.9609393363149681,,107.71543713572024,162.96014154870937,,,
1923,0.016471014051949635,0.016471014051949635,0.016471014051949635,(),(),0.9609393363149681,0.9609393363149681,,107.68792672772692,162.97327227310575,,,
1924,-0.016471014051949635,-0.016471014051949635,-0.016471014051949635,(),(),-0.9609393363149681,-0.9609393363149681,,158.01551207327228,236.49845961698585,,,
1925,0.016471014051949635,0.016471014051949635,0.016471014051949635,(),(),0.9609393363149681,0.9609393363149681,,157.56566194837634,236.3332889258951,,,
1926,-0.016471014051949635,-0.016471014051949635,-0.016471014051949635,(),(),-0.9609393363149681,-0.9609393363149681,,235.5366527893422,329.81226477935047,,,
1927,0.016471014051949635,0.016471014051949635,0.016471014051949635,(),(),0.9609393363149681,0.9609393363149681,,234.79071606994174,329.11624479600334,,,
1928,-0.016471014051949635,-0.016471014051949635,-0.016471014051949635,(),(),-0.9609393363149681,-0.9609393363149681,,316.17382181515404,427.60846794338056,,,
1929,0.016471014051949635,0.016471014051949635,0.016471014051949635,(),(),0.9609393363149681,0.9609393363149681,,313.8998334721066,426.0123480432972,,,
1930,-0.3723139513423951,-0.8081925590313148,-6.08160977905273e-06,"(9188,)","(9188,)",0.014932781799379525,1.5265818166326317,,25.523498040922945,29.53359381802351,,,
1931,-0.6970658709636796,-0.6972685912896479,-0.6968631506377111,"(101,)","(101,)",0.03467065093140293,1.0301894375567042,,25.429411764705886,29.43654411764706,-48.0,48.0,"(41,)"
1932,-0.6970658709636796,-0.6972685912896479,-0.6968631506377111,"(101,)","(101,)",0.03467065093140293,1.0301894375567042,,25.415843999034045,29.47978990581985,-48.0,48.0,"(41,)"
1933,-0.5681950787207058,-0.7925213402158624,-0.39829103542441957,"(8540,)","(8540,)",0.22488867057704212,0.8300950902050321,,25.392073770491805,29.509999999999994,,,
1934,-0.5681950787207058,-0.7925213402158624,-0.39829103542441957,"(8540,)","(8540,)",0.22488867057704212,0.8300950902050321,,25.474514051522252,29.509999999999994,,,
1935,-0.5681950787207058,-0.7925213402158624,-0.39829103542441957,"(8540,)","(8540,)",0.22488867057704212,0.8300950902050321,,25.40448243559719,29.509999999999994,,,
1936,-0.5681950787207058,-0.7925213402158624,-0.39829103542441957,"(8540,)","(8540,)",0.22488867057704212,0.8300950902050321,,25.41046018735363,29.509999999999994,,,
1937,-0.5681950787207058,-0.7925213402158624,-0.39829103542441957,"(8540,)","(8540,)",0.22488867057704212,0.8300950902050321,,25.566170391061455,29.509999999999994,,,
1944,0.8567338171015223,0.6996859129050197,1.0563157318975351,"(8626,)","(8626,)",0.166624351405389,1.9561861396393443,,26.472595641085096,28.539004173429163,,,
1945,0.30906988335560215,-0.3931035677339826,1.0541277985986515,"(48297,)","(48297,)",0.15664093172337654,1.811455373579976,,27.463871461995566,29.474260098970948,,,
1946,0.7078985222573212,0.40409792140769263,1.053344582282433,"(9241,)","(9241,)",0.1645887372809396,1.771792644209465,,27.68043609998918,29.755947408289146,,,
1947,0.7078985222573211,0.4040979214076925,1.053344582282433,"(9241,)","(9241,)",0.1645887372809405,1.7717926442094647,,27.369059936908513,29.37126025236593,,,
1948,0.31087330254793033,-0.3931035677339828,1.054127798598651,"(48426,)","(48426,)",0.15664093172337745,1.8114553735799768,,27.376120678974107,29.35610188741585,,,
1949,0.3106285992499843,-0.3931035677339828,1.0541257713953913,"(48409,)","(48409,)",0.05816729820975365,1.8114553735799768,,25.54571753186391,26.83844429754798,,,
1950,-0.008559036437739522,-0.008559036437739522,-0.008559036437739522,(),(),-0.4768937950421899,-0.4768937950421899,,25.41709521698439,26.52104674646569,0.1,0.1,()
1951,-0.008559036437739522,-0.008559036437739522,-0.008559036437739522,(),(),-0.4768937950421899,-0.4768937950421899,,25.546345811051697,26.98260843731432,0.1,0.1,()
1952,-0.008559036437739522,-0.008559036437739522,-0.008559036437739522,(),(),-0.4768937950421899,-0.4768937950421899,,25.297826215457363,26.318584798778385,0.1,0.1,()
1953,-0.008559036437739522,-0.008559036437739522,-0.008559036437739522,(),(),-0.4768937950421899,-0.4768937950421899,,25.290609822176247,26.33694300773361,0.1,0.1,()
1954,-0.008559036437739522,-0.008559036437739522,-0.008559036437739522,(),(),-0.4768937950421899,-0.4768937950421899,,73.62396088862617,101.8869430077336,0.1,0.1,()
1955,-0.008559036437739522,-0.008559036437739522,-0.008559036437739522,(),(),-0.4768937950421899,-0.4768937950421899,,131.39192650608345,178.2517063198857,0.1,0.1,()
1956,-0.008559036437739522,-0.008559036437739522,-0.008559036437739522,(),(),-0.4768937950421899,-0.4768937950421899,,343.760140387173,427.4864055957834,0.1,0.1,()
1957,1.0151554899177504,1.0150439937384677,1.015266986097033,"(101,)","(101,)",0.34768742329293284,0.8952227559368499,,25.63704989901975,27.15647603566327,0.5,2.5,"(201,)"
1958,0.9753448744690366,0.9752435143060525,0.9754462346320207,"(101,)","(101,)",0.3496686033461571,0.8474279966588077,,25.465655386434168,26.935698734052508,0.5,2.5,"(201,)"
1959,0.9952147061363489,0.9950728019081713,0.9953566103645268,"(201,)","(201,)",0.34867801331954545,1.045541163957257,,25.915393970319343,29.87696389845644,5.0,12.0,"(351,)"
1960,0.9454793108702776,0.9453576786746966,0.9456009430658587,"(201,)","(201,)",0.30137854905480826,0.8986898210299907,,25.886802083333333,29.515156734496127,0.0,12.0,"(332,)"
1961,0.9952349781689459,0.9951538900385584,0.9953160662993332,"(402,)","(402,)",0.4482298919820763,0.846437406632196,,25.524328358208948,28.52388059701493,,,
1962,1.0151250818688553,1.015023721705871,1.0152264420318393,"(402,)","(402,)",0.44723930195546374,0.9449986952681143,,25.45186567164179,28.367562189054727,,,
1963,1.0350354576013612,1.034934097438377,1.0351368177643454,"(802,)","(802,)",0.44624871192885296,0.9440081052415036,,25.431800000000003,28.37275,,,
1964,1.0350374848046207,1.0349381518448961,1.0351368177643454,"(802,)","(802,)",0.44624871192885296,0.9340529173752511,,25.394513715710715,28.353965087281793,,,
1966,1.0350374848046207,1.0349381518448961,1.0351368177643454,"(802,)","(802,)",0.44624871192885296,0.9340529173752511,,25.381521197007494,28.31706982543641,,,
1967,1.0350374848046207,1.0349381518448961,1.0351368177643454,"(802,)","(802,)",0.44624871192885296,0.9340529173752511,,25.370536159600995,28.313753117206986,,,
1968,1.0350374848046207,1.0349381518448961,1.0351368177643454,"(802,)","(802,)",0.44624871192885296,0.9340529173752511,,25.38000000000001,28.29293017456359,,,
1969,1.0350374848046207,1.0349381518448961,1.0351368177643454,"(802,)","(802,)",0.44624871192885296,0.9340529173752511,,25.368441396508736,28.312493765586037,,,
1970,0.8957033715390125,0.8955614673108347,0.8958452757671903,"(802,)","(802,)",0.25407908479007296,0.9509422354277834,,25.341558603491272,28.277992518703243,,,
1971,0.9156137472715187,0.9154718430433408,0.9157556514996965,"(802,)","(802,)",0.2530884947634613,0.9499516454011718,,25.32687032418953,28.265399002493766,,,
1972,0.9454793108702776,0.9453374066420996,0.9456212150984554,"(802,)","(802,)",0.2516026097235447,0.9484657603612552,,25.330648379052377,28.259738154613466,,,
1973,0.9753448744690367,0.9752029702408588,0.9754867786972146,"(802,)","(802,)",0.25011672468362717,0.9469798753213376,,25.325124688279306,28.259139650872815,,,
1974,0.9952552502015426,0.9951133459733648,0.9953971544297205,"(802,)","(802,)",0.2491261346570146,0.945989285294726,,25.303840399002496,28.261783042394015,,,
1975,1.0151656259340487,1.015023721705871,1.0153075301622267,"(802,)","(802,)",0.24813554463040477,0.9449986952681143,,25.304825436408976,28.25729426433916,,,
1976,0.8957033715390126,0.8955614673108347,0.8958452757671903,"(602,)","(602,)",0.25407908479007296,0.9509422354277834,,25.295315614617937,28.28852159468439,,,
1977,0.9156137472715187,0.9154718430433408,0.9157556514996965,"(602,)","(602,)",0.2530884947634613,0.9499516454011718,,25.292209302325585,28.259634551495015,,,
1978,0.9454793108702775,0.9453374066420996,0.9456212150984554,"(602,)","(602,)",0.2516026097235447,0.9484657603612552,,25.312093023255816,28.28255813953488,,,
1979,0.9753448744690367,0.9752029702408588,0.9754867786972146,"(602,)","(602,)",0.25011672468362717,0.9469798753213376,,25.297757475083056,28.25333887043189,,,
1980,0.9952552502015428,0.9951133459733648,0.9953971544297205,"(602,)","(602,)",0.2491261346570146,0.945989285294726,,25.28606312292359,28.214833887043188,,,
1981,1.015165625934049,1.015023721705871,1.0153075301622267,"(602,)","(602,)",0.24813554463040477,0.9449986952681143,,25.279601328903656,28.22392026578073,,,
1982,0.8956830995064157,0.8955614673108347,0.8958047317019968,"(602,)","(602,)",0.35363096345260286,0.9509422354277834,,25.28664451827243,28.222823920265782,,,
1983,0.9155934752389218,0.9154718430433408,0.9157151074345028,"(602,)","(602,)",0.3526403734259912,0.9499516454011718,,25.28205980066445,28.22985049833887,,,
1984,0.9454590388376808,0.9453374066420996,0.9455806710332619,"(602,)","(602,)",0.35115448838607466,0.9484657603612552,,25.304850498338865,28.226843853820593,,,
1985,0.9753246024364398,0.9752029702408588,0.9754462346320207,"(602,)","(602,)",0.3496686033461571,0.9469798753213376,,25.297574750830567,28.24493355481728,,,
1986,0.9952349781689457,0.9951133459733648,0.9953566103645268,"(602,)","(602,)",0.34867801331954545,0.945989285294726,,25.31,28.22046511627907,,,
1987,1.0151453539014519,1.015023721705871,1.015266986097033,"(602,)","(602,)",0.34768742329293284,0.9449986952681143,,25.28242524916944,28.234518272425248,,,
1988,0.1997119183029656,0.1991037573250603,0.20032007928087087,"(201,)","(201,)",-2.9964622601420197,-0.00990590026611509,,25.48558062860301,28.966047540077394,0.3,8.0,"(252,)"
1989,0.19873886073831717,0.1986172285427361,0.19886049293389824,"(402,)","(402,)",0.587405371709066,1.1847166436842467,,25.548805970149253,28.62833333333333,,,
1990,0.19873886073831717,0.1986172285427361,0.19886049293389824,"(402,)","(402,)",0.587405371709066,1.1847166436842467,,25.508444444444443,28.55333333333333,,,
1991,0.19873886073831717,0.1986172285427361,0.19886049293389824,"(402,)","(402,)",0.587405371709066,1.1847166436842467,,25.48651741293532,28.546343283582097,,,
1992,0.19873886073831717,0.1986172285427361,0.19886049293389824,"(402,)","(402,)",0.587405371709066,1.1847166436842467,,25.46701492537313,28.49124378109453,,,
1993,0.19873886073831717,0.1986172285427361,0.19886049293389824,"(402,)","(402,)",0.587405371709066,1.1847166436842467,,25.45,28.485149253731343,,,
1994,0.1987388607383172,0.19857668447754248,0.19890103699909192,"(402,)","(402,)",0.4878534930465359,1.2842685223467774,,25.42,28.41,,,
1995,0.746274193382233,0.7461120171214584,0.7464363696430079,"(402,)","(402,)",0.46061226731471944,1.2570272966149603,,25.420000000000005,28.410000000000007,,,
1996,0.746274193382233,0.7461120171214584,0.7464363696430079,"(402,)","(402,)",0.46061226731471944,1.2570272966149603,,25.415696517412933,28.447189054726365,,,
1997,0.746274193382233,0.7461120171214584,0.7464363696430079,"(402,)","(402,)",0.46061226731471944,1.2570272966149603,,25.415522388059703,28.423681592039802,,,
1998,0.746274193382233,0.7461120171214584,0.7464363696430079,"(402,)","(402,)",0.46061226731471944,1.2570272966149603,,25.381741293532347,28.44119402985074,,,
1999,0.49760735306817444,0.4975566729866824,0.4976580331496666,"(402,)","(402,)",0.22411494599103815,0.472994642647363,,25.389477611940304,28.38718905472637,,,
2000,0.49760735306817444,0.4975566729866824,0.4976580331496666,"(402,)","(402,)",0.22411494599103815,0.472994642647363,,25.37111111111111,28.35,,,
2001,0.49760735306817444,0.4975566729866824,0.4976580331496666,"(402,)","(402,)",0.22411494599103815,0.472994642647363,,25.36738805970149,28.38191542288557,,,
2002,0.49760735306817444,0.4975566729866824,0.4976580331496666,"(402,)","(402,)",0.22411494599103815,0.472994642647363,,25.36373134328358,28.379303482587062,,,
2003,0.4976073530681745,0.4975566729866824,0.4976580331496666,"(1002,)","(1002,)",0.22411494599103815,0.472994642647363,,25.354301397205592,28.37307385229541,,,
2004,0.4976073530681745,0.4975566729866824,0.4976580331496666,"(1002,)","(1002,)",0.22411494599103815,0.472994642647363,,25.331736526946113,28.35639720558882,,,
2005,-0.014265060729565873,-0.014265060729565873,-0.014265060729565873,(),(),-0.7948229917369833,-0.7948229917369833,,25.310000000000006,28.32930693069308,,,
2006,-0.013823884258977638,-0.013823884258977638,-0.013823884258977638,(),(),-0.7996991823487478,-0.7996991823487478,,25.293441396508726,28.314064837905242,,,
2007,-0.013823884258977638,-0.013823884258977638,-0.013823884258977638,(),(),-0.7996991823487478,-0.7996991823487478,,25.293391521197012,28.325660847880304,,,
2008,0.013823884258977638,0.013823884258977638,0.013823884258977638,(),(),0.7996991823487478,0.7996991823487478,,25.28448877805486,28.30854114713217,,,
2009,0.7464870497245,0.7464363696430079,0.7465377298059921,"(101,)","(101,)",0.21173257065839365,0.46061226731471944,,25.451932173283772,28.746451103582118,0.0,3.0,"(301,)"
2010,-0.014265060729565873,-0.014265060729565873,-0.014265060729565873,(),(),-0.7948229917369833,-0.7948229917369833,,25.510636212136063,29.052532104695615,0.5,0.5,()
2011,0.013823884258977638,0.013823884258977638,0.013823884258977638,(),(),0.7996991823487478,0.7996991823487478,,25.925985037406484,29.533403990024944,,,
2012,-0.010397307216578465,-0.010397307216578465,-0.010397307216578465,(),(),-0.5518249829782411,-0.5518249829782411,,25.880545943867745,29.860572856593617,0.5,0.5,()
2013,-0.0002941176470588235,-0.0002941176470588235,-0.0002941176470588235,(),(),0.0032507937411764705,0.0032507937411764705,,25.57,28.94375,,,
2014,-5.882352941176471e-05,-5.882352941176471e-05,-5.882352941176471e-05,(),(),0.0006501587482352941,0.0006501587482352941,,25.59892430278885,29.276015936254982,,,
2015,0.006956059776547642,0.006956059776547642,0.006956059776547642,(),(),0.3993619721131975,0.3993619721131975,,25.786573705179286,29.87394422310757,,,
2016,-0.006897236247135877,-0.006897236247135877,-0.006897236247135877,(),(),-0.4000121308614328,-0.4000121308614328,,25.912509960159362,29.829561752988045,,,
2017,-5.882352941176471e-05,-5.882352941176471e-05,-5.882352941176471e-05,(),(),0.0006501587482352941,0.0006501587482352941,,25.545617529880488,29.164780876494028,,,
2018,0.006956059776547642,0.006956059776547642,0.006956059776547642,(),(),0.3993619721131975,0.3993619721131975,,25.768565737051787,29.845537848605577,,,
2019,-0.006897236247135877,-0.006897236247135877,-0.006897236247135877,(),(),-0.4000121308614328,-0.4000121308614328,,25.875258964143434,29.809960159362554,,,
2020,-5.882352941176471e-05,-5.882352941176471e-05,-5.882352941176471e-05,(),(),0.0006501587482352941,0.0006501587482352941,,25.431274900398414,29.037211155378493,,,
2021,0.006956059776547642,0.006956059776547642,0.006956059776547642,(),(),0.3993619721131975,0.3993619721131975,,25.707171314741032,29.790278884462158,,,
2022,-0.006897236247135877,-0.006897236247135877,-0.006897236247135877,(),(),-0.4000121308614328,-0.4000121308614328,,25.863306772908366,29.779960159362556,,,
2023,-0.00011764705882352942,-0.00011764705882352942,-0.00011764705882352942,(),(),0.0013003174964705882,0.0013003174964705882,,25.804223107569722,30.103625498007972,,,
2024,0.013794472494271754,0.013794472494271754,0.013794472494271754,(),(),0.8000242617228656,0.8000242617228656,,25.924231536926143,30.17710578842315,,,
2025,-0.013794472494271754,-0.013794472494271754,-0.013794472494271754,(),(),-0.8000242617228656,-0.8000242617228656,,26.06445109780439,30.356906187624748,,,
2026,0.24724168136747984,0.24724168136747984,0.24724168136747984,(),(),14.412139568479816,14.412139568479816,,341.6894011976047,380.86257485029944,,,
2027,0.7464465056593061,0.7463552815126204,0.7465377298059921,"(101,)","(101,)",0.21173257065839365,0.6597160246397802,,25.525673891201382,29.23272283622793,0.0,8.0,"(401,)"
2028,0.7464465056593061,0.7463552815126204,0.7465377298059921,"(101,)","(101,)",0.21173257065839365,0.6597160246397802,,25.699133354731984,29.205216414409524,0.0,8.0,"(401,)"
2029,0.49757086340950013,0.49747558485629506,0.4976661419627052,"(101,)","(101,)",0.20420457025853217,0.6720983999724238,,25.696613485993144,29.014239125334335,0.0,8.0,"(422,)"
2030,0.5136975041407075,0.004895696886842878,1.0546577657852583,"(38556,)","(38556,)",0.054183984825719275,0.9952550420307164,,25.499835563855168,28.706029671127716,,,
2031,0.5136975041407075,0.004895696886842878,1.0546577657852583,"(38556,)","(38556,)",0.054183984825719275,0.9952550420307164,,25.469493723415294,28.56639563232701,,,
2032,0.40983399369233725,-0.19563577961494333,1.0557548481103294,"(86744,)","(86744,)",0.055368124431560424,1.801630866794381,,25.418340519228998,28.44338582495619,,,
2033,0.5136975041407075,0.004895696886842878,1.0546577657852583,"(38556,)","(38556,)",0.054183984825719275,0.9952550420307164,,25.383867361759524,28.401557734204797,,,
2039,0.13088590141330586,0.13088590141330586,0.13088590141330586,(),(),8.078261667016891,8.078261667016891,,25.37900662251656,28.414172185430463,,,
2041,-0.005605875255996917,-0.005605875255996917,-0.005605875255996917,(),(),0.08100985847050436,0.08100985847050436,,25.37985074626866,28.442288557213924,,,
2042,0.04941318409473408,0.04941318409473408,0.04941318409473408,(),(),3.263812604218521,3.263812604218521,,25.380895522388066,28.441641791044777,,,
2044,0.9953099846895542,0.9951944341037521,0.9954255352753562,"(201,)","(201,)",0.1794398195932441,0.7468855279696661,,25.36,28.42820895522388,,,
2045,0.995309984689554,0.9951944341037521,0.9954255352753562,"(11,)","(11,)",0.1794398195932441,0.7468855279696661,,25.380000000000003,28.399999999999995,,,
2046,0.9953099846895542,0.9951944341037521,0.9954255352753562,"(101,)","(101,)",0.1794398195932441,0.7468855279696661,,25.389999999999997,28.426633663366335,,,
2047,0.9952552502015427,0.9951944341037521,0.9953160662993332,"(101,)","(101,)",0.4482298919820763,0.7468855279696661,,25.36,28.419801980198027,,,
2048,0.9952552502015427,0.9951944341037521,0.9953160662993332,"(101,)","(101,)",0.4482298919820763,0.7468855279696661,,25.389999999999997,28.378217821782183,,,
2049,0.9952552502015427,0.9951944341037521,0.9953160662993332,"(101,)","(101,)",0.4482298919820763,0.7468855279696661,,25.370000000000005,28.402079207920792,,,
2050,0.04941318409473408,0.04941318409473408,0.04941318409473408,(),(),3.263812604218521,3.263812604218521,,25.375820895522395,28.40084577114428,,,
2051,0.9952552502015427,0.9951944341037521,0.9953160662993332,"(101,)","(101,)",0.4482298919820763,0.7468855279696661,,25.36,28.47,,,
2052,0.9952552502015427,0.9951944341037521,0.9953160662993332,"(101,)","(101,)",0.4482298919820763,0.7468855279696661,,25.36,28.424455445544552,,,
2055,0.7462640573659347,0.7459903849258772,0.7465377298059921,"(401,)","(401,)",0.21173257065839365,1.5556829326025516,,591.0621436984687,737.4981389870436,0.0,8.0,"(201,)"
2056,0.7462640573659347,0.7459903849258772,0.7465377298059921,"(401,)","(401,)",0.21173257065839365,1.5556829326025516,,235.73255331819703,296.0170634359375,0.0,8.0,"(201,)"
2057,0.9952552502015427,0.9951944341037521,0.9953160662993332,"(101,)","(101,)",0.4482298919820763,0.7468855279696661,,25.345841584158418,28.374950495049493,,,
2058,0.9952552502015427,0.9951944341037521,0.9953160662993332,"(101,)","(101,)",0.4482298919820763,0.7468855279696661,,25.339999999999996,28.33980198019801,,,
2059,0.9952552502015427,0.9951944341037521,0.9953160662993332,"(101,)","(101,)",0.4482298919820763,0.7468855279696661,,25.348514851485145,28.376336633663374,,,
2060,0.9952552502015427,0.9951944341037521,0.9953160662993332,"(101,)","(101,)",0.4482298919820763,0.7468855279696661,,25.352475247524755,28.366039603960388,,,
2061,0.9952552502015427,0.9951944341037521,0.9953160662993332,"(101,)","(101,)",0.4482298919820763,0.7468855279696661,,25.342871287128716,28.387029702970302,,,
2062,0.9952552502015427,0.9951944341037521,0.9953160662993332,"(101,)","(101,)",0.4482298919820763,0.7468855279696661,,25.33960396039604,28.386336633663365,,,
2063,0.9952552502015427,0.9951944341037521,0.9953160662993332,"(101,)","(101,)",0.4482298919820763,0.7468855279696661,,25.337326732673258,28.360792079207908,,,
2064,0.9952552502015427,0.9951944341037521,0.9953160662993332,"(101,)","(101,)",0.4482298919820763,0.7468855279696661,,25.356138613861383,28.391584158415842,,,
2065,0.9952552502015427,0.9951944341037521,0.9953160662993332,"(101,)","(101,)",0.4482298919820763,0.7468855279696661,,25.337524752475247,28.37386138613861,,,
2066,0.9952552502015427,0.9951944341037521,0.9953160662993332,"(101,)","(101,)",0.4482298919820763,0.7468855279696661,,25.341287128712864,28.349702970297027,,,
2067,0.9952552502015427,0.9951944341037521,0.9953160662993332,"(101,)","(101,)",0.4482298919820763,0.7468855279696661,,25.35,28.404375,,,
2068,0.9952552502015427,0.9951944341037521,0.9953160662993332,"(101,)","(101,)",0.4482298919820763,0.7468855279696661,,25.358,28.374000000000002,,,
2069,0.9952552502015427,0.9951944341037521,0.9953160662993332,"(101,)","(101,)",0.4482298919820763,0.7468855279696661,,25.37,28.433333333333334,,,
2070,0.9952552502015427,0.9951944341037521,0.9953160662993332,"(101,)","(101,)",0.4482298919820763,0.7468855279696661,,25.370000000000005,28.383663366336627,,,
2071,0.9952552502015427,0.9951944341037521,0.9953160662993332,"(101,)","(101,)",0.4482298919820763,0.7468855279696661,,25.370000000000005,28.369999999999994,,,
2072,0.9952552502015427,0.9951944341037521,0.9953160662993332,"(101,)","(101,)",0.4482298919820763,0.7468855279696661,,25.370000000000005,28.369999999999994,,,
2073,0.9952552502015427,0.9951944341037521,0.9953160662993332,"(101,)","(101,)",0.4482298919820763,0.7468855279696661,,25.370000000000005,28.32,,,
2074,0.9952552502015427,0.9951944341037521,0.9953160662993332,"(101,)","(101,)",0.4482298919820763,0.7468855279696661,,25.370000000000005,28.32,,,
2075,0.9952552502015427,0.9951944341037521,0.9953160662993332,"(101,)","(101,)",0.4482298919820763,0.7468855279696661,,25.36,28.35653465346535,,,
2076,0.9952552502015427,0.9951944341037521,0.9953160662993332,"(101,)","(101,)",0.4482298919820763,0.7468855279696661,,25.36,28.409999999999997,,,
2077,0.9952552502015427,0.9951944341037521,0.9953160662993332,"(101,)","(101,)",0.4482298919820763,0.7468855279696661,,25.36,28.409999999999997,,,
2078,0.9952552502015427,0.9951944341037521,0.9953160662993332,"(101,)","(101,)",0.4482298919820763,0.7468855279696661,,25.36,28.427425742574272,,,
2079,0.9952552502015427,0.9951944341037521,0.9953160662993332,"(101,)","(101,)",0.4482298919820763,0.7468855279696661,,25.36,28.430000000000014,,,
2080,0.9952552502015427,0.9951944341037521,0.9953160662993332,"(101,)","(101,)",0.4482298919820763,0.7468855279696661,,25.36,28.419702970297035,,,
2081,0.9952552502015427,0.9951944341037521,0.9953160662993332,"(101,)","(101,)",0.4482298919820763,0.7468855279696661,,25.36,28.39,,,
2082,0.9952552502015427,0.9951944341037521,0.9953160662993332,"(101,)","(101,)",0.4482298919820763,0.7468855279696661,,25.36,28.37257425742574,,,
2083,0.9952552502015427,0.9951944341037521,0.9953160662993332,"(101,)","(101,)",0.4482298919820763,0.7468855279696661,,25.36,28.309999999999988,,,
2084,0.9952552502015427,0.9951944341037521,0.9953160662993332,"(101,)","(101,)",0.4482298919820763,0.7468855279696661,,25.36,28.33138613861385,,,
2085,0.9952552502015427,0.9951944341037521,0.9953160662993332,"(101,)","(101,)",0.4482298919820763,0.7468855279696661,,25.36,28.369999999999994,,,
2086,0.9952552502015427,0.9951944341037521,0.9953160662993332,"(101,)","(101,)",0.4482298919820763,0.7468855279696661,,25.36,28.47237623762377,,,
2087,0.9952552502015427,0.9951944341037521,0.9953160662993332,"(101,)","(101,)",0.4482298919820763,0.7468855279696661,,25.36,28.40158415841584,,,
2088,0.9952552502015427,0.9951944341037521,0.9953160662993332,"(101,)","(101,)",0.4482298919820763,0.7468855279696661,,25.36,28.356732673267327,,,
2089,0.9952552502015427,0.9951944341037521,0.9953160662993332,"(101,)","(101,)",0.4482298919820763,0.7468855279696661,,25.35455445544554,28.364653465346525,,,
2090,0.9952552502015427,0.9951944341037521,0.9953160662993332,"(101,)","(101,)",0.4482298919820763,0.7468855279696661,,25.35,28.423366336633656,,,
2091,0.9952552502015427,0.9951944341037521,0.9953160662993332,"(101,)","(101,)",0.4482298919820763,0.7468855279696661,,25.35,28.407128712871287,,,
2092,0.9952552502015427,0.9951944341037521,0.9953160662993332,"(101,)","(101,)",0.4482298919820763,0.7468855279696661,,25.340495049504945,28.32356435643565,,,
2093,0.9952552502015427,0.9951944341037521,0.9953160662993332,"(101,)","(101,)",0.4482298919820763,0.7468855279696661,,25.329999999999995,28.38742574257425,,,
2094,0.9952552502015427,0.9951944341037521,0.9953160662993332,"(101,)","(101,)",0.4482298919820763,0.7468855279696661,,25.351980198019803,28.429504950495033,,,
2095,0.9952552502015427,0.9951944341037521,0.9953160662993332,"(101,)","(101,)",0.4482298919820763,0.7468855279696661,,25.36,28.42475247524752,,,
2096,0.9952552502015427,0.9951944341037521,0.9953160662993332,"(101,)","(101,)",0.4482298919820763,0.7468855279696661,,25.36,28.404257425742575,,,
2097,0.9952552502015427,0.9951944341037521,0.9953160662993332,"(101,)","(101,)",0.4482298919820763,0.7468855279696661,,25.352970297029707,28.39861386138613,,,
2098,0.9952552502015427,0.9951944341037521,0.9953160662993332,"(101,)","(101,)",0.4482298919820763,0.7468855279696661,,25.34287128712872,28.37366336633664,,,
2099,0.9952552502015427,0.9951944341037521,0.9953160662993332,"(101,)","(101,)",0.4482298919820763,0.7468855279696661,,25.35,28.368613861386144,,,
